--insertion

Use Job_Fair
--users
INSERT INTO USERS (user_ID, Password, Role, Name) VALUES (1, 'imran313', 'Student', 'Imran Farooq');
INSERT INTO USERS (user_ID, Password, Role, Name) VALUES (2, 'ayesha584', 'Student', 'Ayesha Haider');
INSERT INTO USERS (user_ID, Password, Role, Name) VALUES (3, 'zainab403', 'Student', 'Zainab Raza');
INSERT INTO USERS (user_ID, Password, Role, Name) VALUES (4, 'ayesha167', 'Student', 'Ayesha Ashraf');
INSERT INTO USERS (user_ID, Password, Role, Name) VALUES (5, 'maryam526', 'Student', 'Maryam Shahid');
INSERT INTO USERS (user_ID, Password, Role, Name) VALUES (6, 'zainab879', 'Student', 'Zainab Haider');
INSERT INTO USERS (user_ID, Password, Role, Name) VALUES (7, 'zoya817', 'Student', 'Zoya Farooq');
INSERT INTO USERS (user_ID, Password, Role, Name) VALUES (8, 'maha506', 'Student', 'Maha Mehmood');
INSERT INTO USERS (user_ID, Password, Role, Name) VALUES (9, 'ahmed210', 'Coordinator', 'Ahmed Yousaf');
INSERT INTO USERS (user_ID, Password, Role, Name) VALUES (10, 'usman495', 'Student', 'Usman Noor');
INSERT INTO USERS (user_ID, Password, Role, Name) VALUES (11, 'maryam695', 'Recruiter', 'Maryam Mehmood');
INSERT INTO USERS (user_ID, Password, Role, Name) VALUES (12, 'hassan902', 'Student', 'Hassan Zafar');
INSERT INTO USERS (user_ID, Password, Role, Name) VALUES (13, 'talha404', 'Student', 'Talha Shahid');
INSERT INTO USERS (user_ID, Password, Role, Name) VALUES (14, 'ahmed808', 'Student', 'Ahmed Haider');
INSERT INTO USERS (user_ID, Password, Role, Name) VALUES (15, 'faizan324', 'Student', 'Faizan Haider');
INSERT INTO USERS (user_ID, Password, Role, Name) VALUES (16, 'nida939', 'Recruiter', 'Nida Iqbal');
INSERT INTO USERS (user_ID, Password, Role, Name) VALUES (17, 'hassan594', 'TPO', 'Hassan Javed');
INSERT INTO USERS (user_ID, Password, Role, Name) VALUES (18, 'hassan931', 'Student', 'Hassan Malik');
INSERT INTO USERS (user_ID, Password, Role, Name) VALUES (19, 'ali186', 'Student', 'Ali Azhar');
INSERT INTO USERS (user_ID, Password, Role, Name) VALUES (20, 'maha834', 'Student', 'Maha Yousaf');
INSERT INTO USERS (user_ID, Password, Role, Name) VALUES (21, 'rabia222', 'Student', 'Rabia Khan');
INSERT INTO USERS (user_ID, Password, Role, Name) VALUES (22, 'noman278', 'Student', 'Noman Shahid');
INSERT INTO USERS (user_ID, Password, Role, Name) VALUES (23, 'imran299', 'Student', 'Imran Noor');
INSERT INTO USERS (user_ID, Password, Role, Name) VALUES (24, 'hamza677', 'Student', 'Hamza Khan');
INSERT INTO USERS (user_ID, Password, Role, Name) VALUES (25, 'rabia376', 'Student', 'Rabia Siddiqui');
INSERT INTO USERS (user_ID, Password, Role, Name) VALUES (26, 'nida794', 'Student', 'Nida Yousaf');
INSERT INTO USERS (user_ID, Password, Role, Name) VALUES (27, 'ali942', 'Student', 'Ali Rehman');
INSERT INTO USERS (user_ID, Password, Role, Name) VALUES (28, 'zainab975', 'Student', 'Zainab Ashraf');
INSERT INTO USERS (user_ID, Password, Role, Name) VALUES (29, 'rabia493', 'Student', 'Rabia Malik');
INSERT INTO USERS (user_ID, Password, Role, Name) VALUES (30, 'maryam844', 'Student', 'Maryam Ashraf');
INSERT INTO USERS (user_ID, Password, Role, Name) VALUES (31, 'tariq107', 'Student', 'Tariq Azhar');
INSERT INTO USERS (user_ID, Password, Role, Name) VALUES (32, 'rabia151', 'Student', 'Rabia Fatima');
INSERT INTO USERS (user_ID, Password, Role, Name) VALUES (33, 'maha547', 'Recruiter', 'Maha Siddiqui');
INSERT INTO USERS (user_ID, Password, Role, Name) VALUES (34, 'nida217', 'Student', 'Nida Shafiq');
INSERT INTO USERS (user_ID, Password, Role, Name) VALUES (35, 'bilal334', 'Recruiter', 'Bilal Ashraf');
INSERT INTO USERS (user_ID, Password, Role, Name) VALUES (36, 'imran214', 'Recruiter', 'Imran Iqbal');
INSERT INTO USERS (user_ID, Password, Role, Name) VALUES (37, 'maha163', 'Student', 'Maha Farooq');
INSERT INTO USERS (user_ID, Password, Role, Name) VALUES (38, 'hassan437', 'Student', 'Hassan Noor');
INSERT INTO USERS (user_ID, Password, Role, Name) VALUES (39, 'zoya854', 'Student', 'Zoya Ashraf');
INSERT INTO USERS (user_ID, Password, Role, Name) VALUES (40, 'ayesha621', 'Student', 'Ayesha Siddiqui');
INSERT INTO USERS (user_ID, Password, Role, Name) VALUES (41, 'hamza616', 'Recruiter', 'Hamza Zafar');
INSERT INTO USERS (user_ID, Password, Role, Name) VALUES (42, 'noman802', 'Student', 'Noman Ghani');
INSERT INTO USERS (user_ID, Password, Role, Name) VALUES (43, 'zoya192', 'Student', 'Zoya Qureshi');
INSERT INTO USERS (user_ID, Password, Role, Name) VALUES (44, 'maryam910', 'Student', 'Maryam Zafar');
INSERT INTO USERS (user_ID, Password, Role, Name) VALUES (45, 'ahmed358', 'Student', 'Ahmed Fatima');
INSERT INTO USERS (user_ID, Password, Role, Name) VALUES (46, 'bilal283', 'Student', 'Bilal Shafiq');
INSERT INTO USERS (user_ID, Password, Role, Name) VALUES (47, 'bilal843', 'Student', 'Bilal Rehman');
INSERT INTO USERS (user_ID, Password, Role, Name) VALUES (48, 'rabia805', 'Student', 'Rabia Iqbal');
INSERT INTO USERS (user_ID, Password, Role, Name) VALUES (49, 'sara911', 'Recruiter', 'Sara Noor');
INSERT INTO USERS (user_ID, Password, Role, Name) VALUES (50, 'usman902', 'Student', 'Usman Mehmood');
INSERT INTO USERS (user_ID, Password, Role, Name) VALUES (51, 'usman598', 'Recruiter', 'Usman Ashraf');
INSERT INTO USERS (user_ID, Password, Role, Name) VALUES (52, 'usman712', 'Recruiter', 'Usman Qureshi');
INSERT INTO USERS (user_ID, Password, Role, Name) VALUES (53, 'sara432', 'Student', 'Sara Yousaf');
INSERT INTO USERS (user_ID, Password, Role, Name) VALUES (54, 'sadia703', 'Student', 'Sadia Shahid');
INSERT INTO USERS (user_ID, Password, Role, Name) VALUES (55, 'ali144', 'Student', 'Ali Zafar');
INSERT INTO USERS (user_ID, Password, Role, Name) VALUES (56, 'usman684', 'Student', 'Usman Siddiqui');
INSERT INTO USERS (user_ID, Password, Role, Name) VALUES (57, 'sadia954', 'Student', 'Sadia Haider');
INSERT INTO USERS (user_ID, Password, Role, Name) VALUES (58, 'ali649', 'Student', 'Ali Siddiqui');
INSERT INTO USERS (user_ID, Password, Role, Name) VALUES (59, 'tariq482', 'Student', 'Tariq Iqbal');
INSERT INTO USERS (user_ID, Password, Role, Name) VALUES (60, 'hassan988', 'Student', 'Hassan Ashraf');
INSERT INTO USERS (user_ID, Password, Role, Name) VALUES (61, 'zainab777', 'Student', 'Zainab Yousaf');
INSERT INTO USERS (user_ID, Password, Role, Name) VALUES (62, 'talha889', 'Recruiter', 'Talha Haider');
INSERT INTO USERS (user_ID, Password, Role, Name) VALUES (63, 'maha974', 'Student', 'Maha Ashraf');
INSERT INTO USERS (user_ID, Password, Role, Name) VALUES (64, 'sara982', 'Student', 'Sara Shahid');
INSERT INTO USERS (user_ID, Password, Role, Name) VALUES (65, 'ahmed213', 'Student', 'Ahmed Javed');
INSERT INTO USERS (user_ID, Password, Role, Name) VALUES (66, 'ayesha356', 'Recruiter', 'Ayesha Shahid');
INSERT INTO USERS (user_ID, Password, Role, Name) VALUES (67, 'hassan602', 'Student', 'Hassan Siddiqui');
INSERT INTO USERS (user_ID, Password, Role, Name) VALUES (68, 'ayesha352', 'Student', 'Ayesha Malik');
INSERT INTO USERS (user_ID, Password, Role, Name) VALUES (69, 'faizan772', 'Recruiter', 'Faizan Farooq');
INSERT INTO USERS (user_ID, Password, Role, Name) VALUES (70, 'ayesha990', 'Student', 'Ayesha Noor');
INSERT INTO USERS (user_ID, Password, Role, Name) VALUES (71, 'ali310', 'Student', 'Ali Shahid');
INSERT INTO USERS (user_ID, Password, Role, Name) VALUES (72, 'noman831', 'Student', 'Noman Qureshi');
INSERT INTO USERS (user_ID, Password, Role, Name) VALUES (73, 'bilal866', 'Student', 'Bilal Yousaf');
INSERT INTO USERS (user_ID, Password, Role, Name) VALUES (74, 'rabia269', 'TPO', 'Rabia Haider');
INSERT INTO USERS (user_ID, Password, Role, Name) VALUES (75, 'hassan207', 'Student', 'Hassan Khan');
INSERT INTO USERS (user_ID, Password, Role, Name) VALUES (76, 'talha964', 'Student', 'Talha Iqbal');
INSERT INTO USERS (user_ID, Password, Role, Name) VALUES (77, 'nida372', 'Student', 'Nida Siddiqui');
INSERT INTO USERS (user_ID, Password, Role, Name) VALUES (78, 'imran972', 'Student', 'Imran Azhar');
INSERT INTO USERS (user_ID, Password, Role, Name) VALUES (79, 'noman139', 'Student', 'Noman Zafar');
INSERT INTO USERS (user_ID, Password, Role, Name) VALUES (80, 'usman280', 'Student', 'Usman Raza');
INSERT INTO USERS (user_ID, Password, Role, Name) VALUES (81, 'faizan823', 'Coordinator', 'Faizan Zafar');
INSERT INTO USERS (user_ID, Password, Role, Name) VALUES (82, 'zoya440', 'TPO', 'Zoya Iqbal');
INSERT INTO USERS (user_ID, Password, Role, Name) VALUES (83, 'zoya590', 'Student', 'Zoya Fatima');
INSERT INTO USERS (user_ID, Password, Role, Name) VALUES (84, 'zoya900', 'Student', 'Zoya Zafar');
INSERT INTO USERS (user_ID, Password, Role, Name) VALUES (85, 'sadia162', 'Recruiter', 'Sadia Siddiqui');
INSERT INTO USERS (user_ID, Password, Role, Name) VALUES (86, 'zoya703', 'Student', 'Zoya Javed');
INSERT INTO USERS (user_ID, Password, Role, Name) VALUES (87, 'noman348', 'Student', 'Noman Rehman');
INSERT INTO USERS (user_ID, Password, Role, Name) VALUES (88, 'usman742', 'Recruiter', 'Usman Zafar');
INSERT INTO USERS (user_ID, Password, Role, Name) VALUES (89, 'ahmed487', 'Student', 'Ahmed Noor');
INSERT INTO USERS (user_ID, Password, Role, Name) VALUES (90, 'zoya876', 'Student', 'Zoya Yousaf');
INSERT INTO USERS (user_ID, Password, Role, Name) VALUES (91, 'zainab147', 'Student', 'Zainab Rehman');
INSERT INTO USERS (user_ID, Password, Role, Name) VALUES (92, 'rabia496', 'Student', 'Rabia Shafiq');
INSERT INTO USERS (user_ID, Password, Role, Name) VALUES (93, 'nida170', 'Student', 'Nida Raza');
INSERT INTO USERS (user_ID, Password, Role, Name) VALUES (94, 'sadia676', 'Student', 'Sadia Ghani');
INSERT INTO USERS (user_ID, Password, Role, Name) VALUES (95, 'usman944', 'Student', 'Usman Azhar');
INSERT INTO USERS (user_ID, Password, Role, Name) VALUES (96, 'maryam603', 'Student', 'Maryam Javed');
INSERT INTO USERS (user_ID, Password, Role, Name) VALUES (97, 'tariq739', 'Recruiter', 'Tariq Shafiq');
INSERT INTO USERS (user_ID, Password, Role, Name) VALUES (98, 'sara280', 'Student', 'Sara Rehman');
INSERT INTO USERS (user_ID, Password, Role, Name) VALUES (99, 'tariq640', 'Student', 'Tariq Ashraf');
INSERT INTO USERS (user_ID, Password, Role, Name) VALUES (100, 'talha593', 'Student', 'Talha Shafiq');

select* from users

--emails
INSERT INTO USER_email (email, user_ID) VALUES ('sara.noor187@fast.edu.pk', 1);
INSERT INTO USER_email (email, user_ID) VALUES ('ayesha.ashraf708@hotmail.com', 2);
INSERT INTO USER_email (email, user_ID) VALUES ('ali.shafiq266@outlook.com', 3);
INSERT INTO USER_email (email, user_ID) VALUES ('usman.qureshi482@outlook.com', 4);
INSERT INTO USER_email (email, user_ID) VALUES ('zainab.farooq446@outlook.com', 5);
INSERT INTO USER_email (email, user_ID) VALUES ('talha.khan779@hotmail.com', 6);
INSERT INTO USER_email (email, user_ID) VALUES ('zoya.ghani62@yahoo.com', 7);
INSERT INTO USER_email (email, user_ID) VALUES ('maha.shahid624@gmail.com', 8);
INSERT INTO USER_email (email, user_ID) VALUES ('sadia.javed884@fast.edu.pk', 9);
INSERT INTO USER_email (email, user_ID) VALUES ('imran.azhar430@outlook.com', 10);
INSERT INTO USER_email (email, user_ID) VALUES ('talha.zafar458@fast.edu.pk', 11);
INSERT INTO USER_email (email, user_ID) VALUES ('maryam.iqbal774@hotmail.com', 12);
INSERT INTO USER_email (email, user_ID) VALUES ('usman.shafiq123@yahoo.com', 13);
INSERT INTO USER_email (email, user_ID) VALUES ('sara.raza535@hotmail.com', 14);
INSERT INTO USER_email (email, user_ID) VALUES ('faizan.farooq44@fast.edu.pk', 15);
INSERT INTO USER_email (email, user_ID) VALUES ('hassan.qureshi202@outlook.com', 16);
INSERT INTO USER_email (email, user_ID) VALUES ('sara.haider477@gmail.com', 17);
INSERT INTO USER_email (email, user_ID) VALUES ('rabia.ashraf784@outlook.com', 18);
INSERT INTO USER_email (email, user_ID) VALUES ('zoya.fatima305@fast.edu.pk', 19);
INSERT INTO USER_email (email, user_ID) VALUES ('ali.noor324@outlook.com', 20);
INSERT INTO USER_email (email, user_ID) VALUES ('noman.shahid285@yahoo.com', 21);
INSERT INTO USER_email (email, user_ID) VALUES ('usman.shahid702@gmail.com', 22);
INSERT INTO USER_email (email, user_ID) VALUES ('imran.malik957@gmail.com', 23);
INSERT INTO USER_email (email, user_ID) VALUES ('ahmed.ashraf170@hotmail.com', 24);
INSERT INTO USER_email (email, user_ID) VALUES ('talha.iqbal557@gmail.com', 25);
INSERT INTO USER_email (email, user_ID) VALUES ('faizan.shahid33@outlook.com', 26);
INSERT INTO USER_email (email, user_ID) VALUES ('nida.mehmood330@outlook.com', 27);
INSERT INTO USER_email (email, user_ID) VALUES ('zoya.zafar125@outlook.com', 28);
INSERT INTO USER_email (email, user_ID) VALUES ('hassan.zafar571@fast.edu.pk', 29);
INSERT INTO USER_email (email, user_ID) VALUES ('bilal.shahid50@gmail.com', 30);
INSERT INTO USER_email (email, user_ID) VALUES ('maha.noor290@gmail.com', 31);
INSERT INTO USER_email (email, user_ID) VALUES ('zainab.ghani241@hotmail.com', 32);
INSERT INTO USER_email (email, user_ID) VALUES ('noman.haider675@yahoo.com', 33);
INSERT INTO USER_email (email, user_ID) VALUES ('hassan.iqbal121@gmail.com', 34);
INSERT INTO USER_email (email, user_ID) VALUES ('hamza.khan306@outlook.com', 35);
INSERT INTO USER_email (email, user_ID) VALUES ('hassan.raza720@gmail.com', 36);
INSERT INTO USER_email (email, user_ID) VALUES ('sara.iqbal169@yahoo.com', 37);
INSERT INTO USER_email (email, user_ID) VALUES ('nida.shafiq885@gmail.com', 38);
INSERT INTO USER_email (email, user_ID) VALUES ('maryam.malik432@fast.edu.pk', 39);
INSERT INTO USER_email (email, user_ID) VALUES ('ahmed.malik855@yahoo.com', 40);
INSERT INTO USER_email (email, user_ID) VALUES ('rabia.raza474@hotmail.com', 41);
INSERT INTO USER_email (email, user_ID) VALUES ('ayesha.yousaf68@yahoo.com', 42);
INSERT INTO USER_email (email, user_ID) VALUES ('zainab.yousaf120@fast.edu.pk', 43);
INSERT INTO USER_email (email, user_ID) VALUES ('hamza.azhar332@hotmail.com', 44);
INSERT INTO USER_email (email, user_ID) VALUES ('sadia.yousaf634@fast.edu.pk', 45);
INSERT INTO USER_email (email, user_ID) VALUES ('rabia.zafar466@yahoo.com', 46);
INSERT INTO USER_email (email, user_ID) VALUES ('nida.iqbal568@gmail.com', 47);
INSERT INTO USER_email (email, user_ID) VALUES ('noman.noor646@gmail.com', 48);
INSERT INTO USER_email (email, user_ID) VALUES ('zainab.shafiq151@gmail.com', 49);
INSERT INTO USER_email (email, user_ID) VALUES ('ahmed.iqbal259@yahoo.com', 50);
INSERT INTO USER_email (email, user_ID) VALUES ('ayesha.malik484@hotmail.com', 51);
INSERT INTO USER_email (email, user_ID) VALUES ('ahmed.zafar761@gmail.com', 52);
INSERT INTO USER_email (email, user_ID) VALUES ('ahmed.shahid212@outlook.com', 53);
INSERT INTO USER_email (email, user_ID) VALUES ('faizan.qureshi602@gmail.com', 54);
INSERT INTO USER_email (email, user_ID) VALUES ('maryam.ashraf226@fast.edu.pk', 55);
INSERT INTO USER_email (email, user_ID) VALUES ('maha.mehmood62@fast.edu.pk', 56);
INSERT INTO USER_email (email, user_ID) VALUES ('zoya.raza379@yahoo.com', 57);
INSERT INTO USER_email (email, user_ID) VALUES ('tariq.ghani14@outlook.com', 58);
INSERT INTO USER_email (email, user_ID) VALUES ('talha.malik528@yahoo.com', 59);
INSERT INTO USER_email (email, user_ID) VALUES ('sadia.qureshi155@fast.edu.pk', 60);
INSERT INTO USER_email (email, user_ID) VALUES ('noman.haider348@fast.edu.pk', 61);
INSERT INTO USER_email (email, user_ID) VALUES ('maha.noor564@yahoo.com', 62);
INSERT INTO USER_email (email, user_ID) VALUES ('nida.fatima780@hotmail.com', 63);
INSERT INTO USER_email (email, user_ID) VALUES ('zainab.azhar709@fast.edu.pk', 64);
INSERT INTO USER_email (email, user_ID) VALUES ('ali.raza400@hotmail.com', 65);
INSERT INTO USER_email (email, user_ID) VALUES ('usman.siddiqui747@hotmail.com', 66);
INSERT INTO USER_email (email, user_ID) VALUES ('hamza.haider429@yahoo.com', 67);
INSERT INTO USER_email (email, user_ID) VALUES ('imran.iqbal166@outlook.com', 68);
INSERT INTO USER_email (email, user_ID) VALUES ('ali.qureshi793@gmail.com', 69);
INSERT INTO USER_email (email, user_ID) VALUES ('faizan.shahid997@yahoo.com', 70);
INSERT INTO USER_email (email, user_ID) VALUES ('sara.shahid876@fast.edu.pk', 71);
INSERT INTO USER_email (email, user_ID) VALUES ('bilal.ghani523@yahoo.com', 72);
INSERT INTO USER_email (email, user_ID) VALUES ('maryam.khan406@gmail.com', 73);
INSERT INTO USER_email (email, user_ID) VALUES ('imran.siddiqui861@fast.edu.pk', 74);
INSERT INTO USER_email (email, user_ID) VALUES ('maha.iqbal900@gmail.com', 75);
INSERT INTO USER_email (email, user_ID) VALUES ('sara.azhar633@yahoo.com', 76);
INSERT INTO USER_email (email, user_ID) VALUES ('ahmed.fatima287@gmail.com', 77);
INSERT INTO USER_email (email, user_ID) VALUES ('usman.qureshi204@fast.edu.pk', 78);
INSERT INTO USER_email (email, user_ID) VALUES ('zainab.farooq884@gmail.com', 79);
INSERT INTO USER_email (email, user_ID) VALUES ('sadia.malik745@gmail.com', 80);
INSERT INTO USER_email (email, user_ID) VALUES ('sadia.ghani801@yahoo.com', 81);
INSERT INTO USER_email (email, user_ID) VALUES ('zainab.qureshi270@outlook.com', 82);
INSERT INTO USER_email (email, user_ID) VALUES ('hamza.siddiqui433@gmail.com', 83);
INSERT INTO USER_email (email, user_ID) VALUES ('talha.qureshi457@outlook.com', 84);
INSERT INTO USER_email (email, user_ID) VALUES ('hassan.qureshi157@gmail.com', 85);
INSERT INTO USER_email (email, user_ID) VALUES ('rabia.farooq776@fast.edu.pk', 86);
INSERT INTO USER_email (email, user_ID) VALUES ('hamza.ashraf263@hotmail.com', 87);
INSERT INTO USER_email (email, user_ID) VALUES ('usman.farooq908@gmail.com', 88);
INSERT INTO USER_email (email, user_ID) VALUES ('zoya.yousaf186@yahoo.com', 89);
INSERT INTO USER_email (email, user_ID) VALUES ('zoya.fatima281@hotmail.com', 90);
INSERT INTO USER_email (email, user_ID) VALUES ('sadia.zafar813@hotmail.com', 91);
INSERT INTO USER_email (email, user_ID) VALUES ('ahmed.raza24@gmail.com', 92);
INSERT INTO USER_email (email, user_ID) VALUES ('ayesha.zafar890@outlook.com', 93);
INSERT INTO USER_email (email, user_ID) VALUES ('zainab.mehmood650@yahoo.com', 94);
INSERT INTO USER_email (email, user_ID) VALUES ('sara.ashraf800@outlook.com', 95);
INSERT INTO USER_email (email, user_ID) VALUES ('sadia.iqbal13@gmail.com', 96);
INSERT INTO USER_email (email, user_ID) VALUES ('ali.fatima70@fast.edu.pk', 97);
INSERT INTO USER_email (email, user_ID) VALUES ('talha.ashraf67@hotmail.com', 98);
INSERT INTO USER_email (email, user_ID) VALUES ('hamza.rehman783@fast.edu.pk', 99);
INSERT INTO USER_email (email, user_ID) VALUES ('tariq.mehmood346@yahoo.com', 100);

select* from USER_email

select * from users u  left join User_email ue on u.user_id=ue.user_id where role='TPO'
--tpo
INSERT INTO TPO values(17),(74),(82);

--skills
INSERT INTO SKILL (skill_ID, skill_Name, skill_Level) VALUES (1, 'ReactJS', 'Beginner');
INSERT INTO SKILL (skill_ID, skill_Name, skill_Level) VALUES (2, 'Networking', 'Advanced');
INSERT INTO SKILL (skill_ID, skill_Name, skill_Level) VALUES (3, 'UI/UX Design', 'Beginner');
INSERT INTO SKILL (skill_ID, skill_Name, skill_Level) VALUES (4, 'Linux', 'Intermediate');
INSERT INTO SKILL (skill_ID, skill_Name, skill_Level) VALUES (5, 'SQL', 'Beginner');
INSERT INTO SKILL (skill_ID, skill_Name, skill_Level) VALUES (6, 'Git', 'Intermediate');
INSERT INTO SKILL (skill_ID, skill_Name, skill_Level) VALUES (7, 'Android Development', 'Advanced');
INSERT INTO SKILL (skill_ID, skill_Name, skill_Level) VALUES (8, 'Java', 'Advanced');
INSERT INTO SKILL (skill_ID, skill_Name, skill_Level) VALUES (9, 'Cybersecurity', 'Intermediate');
INSERT INTO SKILL (skill_ID, skill_Name, skill_Level) VALUES (10, 'SQL', 'Intermediate');
INSERT INTO SKILL (skill_ID, skill_Name, skill_Level) VALUES (11, 'iOS Development', 'Advanced');
INSERT INTO SKILL (skill_ID, skill_Name, skill_Level) VALUES (12, 'UI/UX Design', 'Advanced');
INSERT INTO SKILL (skill_ID, skill_Name, skill_Level) VALUES (13, 'Data Analysis', 'Beginner');
INSERT INTO SKILL (skill_ID, skill_Name, skill_Level) VALUES (14, 'HTML', 'Intermediate');
INSERT INTO SKILL (skill_ID, skill_Name, skill_Level) VALUES (15, 'NodeJS', 'Advanced');
INSERT INTO SKILL (skill_ID, skill_Name, skill_Level) VALUES (16, 'iOS Development', 'Intermediate');
INSERT INTO SKILL (skill_ID, skill_Name, skill_Level) VALUES (17, 'Cybersecurity', 'Beginner');
INSERT INTO SKILL (skill_ID, skill_Name, skill_Level) VALUES (18, 'CSS', 'Intermediate');
INSERT INTO SKILL (skill_ID, skill_Name, skill_Level) VALUES (19, 'Machine Learning', 'Beginner');
INSERT INTO SKILL (skill_ID, skill_Name, skill_Level) VALUES (20, 'HTML', 'Advanced');
INSERT INTO SKILL (skill_ID, skill_Name, skill_Level) VALUES (21, 'Networking', 'Intermediate');
INSERT INTO SKILL (skill_ID, skill_Name, skill_Level) VALUES (22, 'Cloud Computing', 'Intermediate');
INSERT INTO SKILL (skill_ID, skill_Name, skill_Level) VALUES (23, 'Agile', 'Advanced');
INSERT INTO SKILL (skill_ID, skill_Name, skill_Level) VALUES (24, 'Cloud Computing', 'Advanced');
INSERT INTO SKILL (skill_ID, skill_Name, skill_Level) VALUES (25, 'HTML', 'Beginner');
INSERT INTO SKILL (skill_ID, skill_Name, skill_Level) VALUES (26, 'iOS Development', 'Beginner');
INSERT INTO SKILL (skill_ID, skill_Name, skill_Level) VALUES (27, 'NodeJS', 'Intermediate');
INSERT INTO SKILL (skill_ID, skill_Name, skill_Level) VALUES (28, 'SQL', 'Advanced');
INSERT INTO SKILL (skill_ID, skill_Name, skill_Level) VALUES (29, 'Networking', 'Beginner');
INSERT INTO SKILL (skill_ID, skill_Name, skill_Level) VALUES (30, 'Data Analysis', 'Intermediate');
INSERT INTO SKILL (skill_ID, skill_Name, skill_Level) VALUES (31, 'CSS', 'Beginner');
INSERT INTO SKILL (skill_ID, skill_Name, skill_Level) VALUES (32, 'C++', 'Advanced');
INSERT INTO SKILL (skill_ID, skill_Name, skill_Level) VALUES (33, 'Android Development', 'Beginner');
INSERT INTO SKILL (skill_ID, skill_Name, skill_Level) VALUES (34, 'JavaScript', 'Intermediate');
INSERT INTO SKILL (skill_ID, skill_Name, skill_Level) VALUES (35, 'ReactJS', 'Intermediate');
INSERT INTO SKILL (skill_ID, skill_Name, skill_Level) VALUES (36, 'Agile', 'Intermediate');
INSERT INTO SKILL (skill_ID, skill_Name, skill_Level) VALUES (37, 'Data Analysis', 'Advanced');
INSERT INTO SKILL (skill_ID, skill_Name, skill_Level) VALUES (38, 'CSS', 'Advanced');
INSERT INTO SKILL (skill_ID, skill_Name, skill_Level) VALUES (39, 'Cloud Computing', 'Beginner');
INSERT INTO SKILL (skill_ID, skill_Name, skill_Level) VALUES (40, 'Java', 'Beginner');
INSERT INTO SKILL (skill_ID, skill_Name, skill_Level) VALUES (41, 'C++', 'Beginner');
INSERT INTO SKILL (skill_ID, skill_Name, skill_Level) VALUES (42, 'Linux', 'Advanced');
INSERT INTO SKILL (skill_ID, skill_Name, skill_Level) VALUES (43, 'ReactJS', 'Advanced');
INSERT INTO SKILL (skill_ID, skill_Name, skill_Level) VALUES (44, 'Java', 'Intermediate');
INSERT INTO SKILL (skill_ID, skill_Name, skill_Level) VALUES (45, 'Android Development', 'Intermediate');
INSERT INTO SKILL (skill_ID, skill_Name, skill_Level) VALUES (46, 'Python', 'Advanced');
INSERT INTO SKILL (skill_ID, skill_Name, skill_Level) VALUES (47, 'Python', 'Beginner');
INSERT INTO SKILL (skill_ID, skill_Name, skill_Level) VALUES (48, 'C++', 'Intermediate');
INSERT INTO SKILL (skill_ID, skill_Name, skill_Level) VALUES (49, 'Linux', 'Beginner');
INSERT INTO SKILL (skill_ID, skill_Name, skill_Level) VALUES (50, 'Python', 'Intermediate');
INSERT INTO SKILL (skill_ID, skill_Name, skill_Level) VALUES (51, 'Agile', 'Beginner');
INSERT INTO SKILL (skill_ID, skill_Name, skill_Level) VALUES (52, 'NodeJS', 'Beginner');
INSERT INTO SKILL (skill_ID, skill_Name, skill_Level) VALUES (53, 'Cybersecurity', 'Advanced');
INSERT INTO SKILL (skill_ID, skill_Name, skill_Level) VALUES (54, 'JavaScript', 'Advanced');
INSERT INTO SKILL (skill_ID, skill_Name, skill_Level) VALUES (55, 'UI/UX Design', 'Intermediate');
INSERT INTO SKILL (skill_ID, skill_Name, skill_Level) VALUES (56, 'JavaScript', 'Beginner');
INSERT INTO SKILL (skill_ID, skill_Name, skill_Level) VALUES (57, 'Machine Learning', 'Intermediate');
INSERT INTO SKILL (skill_ID, skill_Name, skill_Level) VALUES (58, 'Machine Learning', 'Advanced');
INSERT INTO SKILL (skill_ID, skill_Name, skill_Level) VALUES (59, 'Git', 'Advanced');
INSERT INTO SKILL (skill_ID, skill_Name, skill_Level) VALUES (60, 'Git', 'Beginner');

select* from skill


--student skills
select user_id from users where role='Student'

INSERT INTO student(student_id) VALUES 
(1),
(2),
(3),
(4),
(5),
(6),
(7),
(8),
(10),
(12),
(13),
(14),
(15),
(18),
(19),
(20),
(21),
(22),
(23),
(24),
(25),
(26),
(27),
(28),
(29),
(30),
(31),
(32),
(34),
(37),
(38),
(39),
(40),
(42),
(43),
(44),
(45),
(46),
(47),
(48),
(50),
(53),
(54),
(55),
(56),
(57),
(58),
(59),
(60),
(61),
(63),
(64),
(65),
(67),
(68),
(70),
(71),
(72),
(73),
(75),
(76),
(77),
(78),
(79),
(80),
(83),
(84),
(86),
(87),
(89),
(90),
(91),
(92),
(93),
(94),
(95),
(96),
(98),
(99),
(100);


insert into student_skills (student_id,skill_id) values
(1 ,53), (1,4), (1,55),
(2 ,54), (2,44), (2,36),
(3 ,47), (3,13), (3,5),
(4 ,32), (4,49), (4,52),
(5 ,53), (5,34), (5,12),
(6 ,20), (6,1), (6,42),
(7 ,47), (7,30), (7,33),
(8 ,47), (8,46), (8,4),
(10 ,16), (10,37), (10,51),
(12 ,30), (12,47), (12,1),
(13 ,59), (13,11), (13,16),
(14 ,46), (14,21), (14,22),
(15 ,29), (15,25), (15,59),
(18 ,14), (18,46), (18,28),
(19 ,30), (19,48), (19,45),
(20 ,31), (20,11), (20,7),
(21 ,43), (21,29), (21,35),
(22 ,13), (22,37), (22,16),
(23 ,48), (23,19), (23,13),
(24 ,32), (24,43), (24,4),
(25 ,34), (25,3), (25,8),
(26 ,22), (26,13), (26,45),
(27 ,55), (27,33), (27,45),
(28 ,31), (28,52), (28,13),
(29 ,15), (29,1), (29,8),
(30 ,52), (30,45), (30,9),
(31 ,51), (31,57), (31,30),
(32 ,38), (32,12), (32,13),
(34 ,13), (34,32), (34,43),
(37 ,29), (37,1), (37,31),
(38 ,51), (38,6), (38,14),
(39 ,1), (39,17), (39,25),
(40 ,53), (40,5), (40,20),
(42 ,4), (42,42), (42,9),
(43 ,51), (43,44), (43,17),
(44 ,27), (44,5), (44,17),
(45 ,48), (45,44), (45,51),
(46 ,16), (46,31), (46,53),
(47 ,39), (47,10), (47,13),
(48 ,3), (48,36), (48,44),
(50 ,56), (50,45), (50,22),
(53 ,46), (53,7), (53,16),
(54 ,51), (54,4), (54,33),
(55 ,59), (55,17), (55,19),
(56 ,44), (56,52), (56,19),
(57 ,13), (57,15), (57,53),
(58 ,56), (58,30), (58,35),
(59 ,8), (59,22), (59,13),
(60 ,30), (60,27), (60,51),
(61 ,27), (61,21), (61,1),
(63 ,51), (63,38), (63,34),
(64 ,38), (64,59), (64,21),
(65 ,19), (65,33), (65,25),
(67 ,18), (67,6), (67,34),
(68 ,60), (68,22), (68,45),
(70 ,11), (70,50), (70,45),
(71 ,12), (71,30), (71,47),
(72 ,40), (72,60), (72,20),
(73 ,36), (73,58), (73,38),
(75 ,48), (75,28), (75,10),
(76 ,60), (76,45), (76,47),
(77 ,43), (77,7), (77,10),
(78 ,36), (78,44), (78,18),
(79 ,56), (79,37), (79,19),
(80 ,46), (80,6), (80,40),
(83 ,35), (83,27), (83,49),
(84 ,26), (84,22), (84,27),
(86 ,22), (86,59), (86,29),
(87 ,5), (87,36), (87,49),
(89 ,49), (89,6), (89,37),
(90 ,55), (90,29), (90,15),
(91 ,29), (91,2), (91,6),
(92 ,2), (92,59), (92,17),
(93 ,5), (93,18), (93,28),
(94 ,13), (94,46), (94,14),
(95 ,35), (95,38), (95,10),
(96 ,57), (96,4), (96,56),
(98 ,26), (98,4), (98,25),
(99 ,50), (99,28), (99,52),
(100 ,15), (100,52), (100,18);

select * from users u left join student s on u.user_id=s.student_id left join student_skills ss on s.student_id=ss.student_id join skill sk on ss.skill_id=sk.skill_id
--coordinators

select user_id from users where role='Coordinator'

insert into COORDINATOR(coordinator_id) values (9),(81);

--student records
INSERT INTO ACADEMIC_RECORD (student_ID, GPA, Current_Semester, Degree_Program) VALUES (1, 3.99, 5, 'BS Cyber Security');
INSERT INTO ACADEMIC_RECORD (student_ID, GPA, Current_Semester, Degree_Program) VALUES (2, 3.04, 10, 'BBA');
INSERT INTO ACADEMIC_RECORD (student_ID, GPA, Current_Semester, Degree_Program) VALUES (3, 2.35, 11, 'BBA');
INSERT INTO ACADEMIC_RECORD (student_ID, GPA, Current_Semester, Degree_Program) VALUES (4, 2.35, 7, 'BS Artificial Intelligence');
INSERT INTO ACADEMIC_RECORD (student_ID, GPA, Current_Semester, Degree_Program) VALUES (5, 2.08, 1, 'BS Software Engineering');
INSERT INTO ACADEMIC_RECORD (student_ID, GPA, Current_Semester, Degree_Program) VALUES (6, 2.91, 4, 'BS Cyber Security');
INSERT INTO ACADEMIC_RECORD (student_ID, GPA, Current_Semester, Degree_Program) VALUES (7, 3.23, 12, 'BS Data Science');
INSERT INTO ACADEMIC_RECORD (student_ID, GPA, Current_Semester, Degree_Program) VALUES (8, 3.58, 2, 'BS Computer Science');
INSERT INTO ACADEMIC_RECORD (student_ID, GPA, Current_Semester, Degree_Program) VALUES (10, 2.69, 12, 'BBA');
INSERT INTO ACADEMIC_RECORD (student_ID, GPA, Current_Semester, Degree_Program) VALUES (12, 2.78, 4, 'BS Data Science');
INSERT INTO ACADEMIC_RECORD (student_ID, GPA, Current_Semester, Degree_Program) VALUES (13, 3.64, 6, 'BS Artificial Intelligence');
INSERT INTO ACADEMIC_RECORD (student_ID, GPA, Current_Semester, Degree_Program) VALUES (14, 2.01, 10, 'BS Data Science');
INSERT INTO ACADEMIC_RECORD (student_ID, GPA, Current_Semester, Degree_Program) VALUES (15, 2.45, 3, 'BS Data Science');
INSERT INTO ACADEMIC_RECORD (student_ID, GPA, Current_Semester, Degree_Program) VALUES (18, 3.04, 9, 'BBA');
INSERT INTO ACADEMIC_RECORD (student_ID, GPA, Current_Semester, Degree_Program) VALUES (19, 2.68, 6, 'BS Data Science');
INSERT INTO ACADEMIC_RECORD (student_ID, GPA, Current_Semester, Degree_Program) VALUES (20, 2.16, 2, 'BS Software Engineering');
INSERT INTO ACADEMIC_RECORD (student_ID, GPA, Current_Semester, Degree_Program) VALUES (21, 2.29, 4, 'BS Cyber Security');
INSERT INTO ACADEMIC_RECORD (student_ID, GPA, Current_Semester, Degree_Program) VALUES (22, 3.23, 5, 'BS Software Engineering');
INSERT INTO ACADEMIC_RECORD (student_ID, GPA, Current_Semester, Degree_Program) VALUES (23, 2.7, 9, 'BS Computer Science');
INSERT INTO ACADEMIC_RECORD (student_ID, GPA, Current_Semester, Degree_Program) VALUES (24, 2.42, 4, 'BBA');
INSERT INTO ACADEMIC_RECORD (student_ID, GPA, Current_Semester, Degree_Program) VALUES (25, 2.79, 9, 'BS Computer Science');
INSERT INTO ACADEMIC_RECORD (student_ID, GPA, Current_Semester, Degree_Program) VALUES (26, 2.11, 7, 'BS Data Science');
INSERT INTO ACADEMIC_RECORD (student_ID, GPA, Current_Semester, Degree_Program) VALUES (27, 2.91, 4, 'BBA');
INSERT INTO ACADEMIC_RECORD (student_ID, GPA, Current_Semester, Degree_Program) VALUES (28, 3.28, 6, 'BS Cyber Security');
INSERT INTO ACADEMIC_RECORD (student_ID, GPA, Current_Semester, Degree_Program) VALUES (29, 2.19, 8, 'BS Computer Science');
INSERT INTO ACADEMIC_RECORD (student_ID, GPA, Current_Semester, Degree_Program) VALUES (30, 2.92, 7, 'BBA');
INSERT INTO ACADEMIC_RECORD (student_ID, GPA, Current_Semester, Degree_Program) VALUES (31, 3.59, 1, 'BS Data Science');
INSERT INTO ACADEMIC_RECORD (student_ID, GPA, Current_Semester, Degree_Program) VALUES (32, 2.4, 11, 'BS Artificial Intelligence');
INSERT INTO ACADEMIC_RECORD (student_ID, GPA, Current_Semester, Degree_Program) VALUES (34, 2.15, 8, 'BBA');
INSERT INTO ACADEMIC_RECORD (student_ID, GPA, Current_Semester, Degree_Program) VALUES (37, 2.06, 12, 'BS Software Engineering');
INSERT INTO ACADEMIC_RECORD (student_ID, GPA, Current_Semester, Degree_Program) VALUES (38, 2.54, 3, 'BS Artificial Intelligence');
INSERT INTO ACADEMIC_RECORD (student_ID, GPA, Current_Semester, Degree_Program) VALUES (39, 3.54, 5, 'BS Software Engineering');
INSERT INTO ACADEMIC_RECORD (student_ID, GPA, Current_Semester, Degree_Program) VALUES (40, 3.31, 7, 'BS Artificial Intelligence');
INSERT INTO ACADEMIC_RECORD (student_ID, GPA, Current_Semester, Degree_Program) VALUES (42, 2.59, 6, 'BS Cyber Security');
INSERT INTO ACADEMIC_RECORD (student_ID, GPA, Current_Semester, Degree_Program) VALUES (43, 3.58, 1, 'BBA');
INSERT INTO ACADEMIC_RECORD (student_ID, GPA, Current_Semester, Degree_Program) VALUES (44, 2.23, 12, 'BS Artificial Intelligence');
INSERT INTO ACADEMIC_RECORD (student_ID, GPA, Current_Semester, Degree_Program) VALUES (45, 2.42, 9, 'BS Data Science');
INSERT INTO ACADEMIC_RECORD (student_ID, GPA, Current_Semester, Degree_Program) VALUES (46, 2.02, 8, 'BS Software Engineering');
INSERT INTO ACADEMIC_RECORD (student_ID, GPA, Current_Semester, Degree_Program) VALUES (47, 2.77, 11, 'BBA');
INSERT INTO ACADEMIC_RECORD (student_ID, GPA, Current_Semester, Degree_Program) VALUES (48, 3.17, 3, 'BS Cyber Security');
INSERT INTO ACADEMIC_RECORD (student_ID, GPA, Current_Semester, Degree_Program) VALUES (50, 3.43, 8, 'BS Cyber Security');
INSERT INTO ACADEMIC_RECORD (student_ID, GPA, Current_Semester, Degree_Program) VALUES (53, 3.7, 2, 'BBA');
INSERT INTO ACADEMIC_RECORD (student_ID, GPA, Current_Semester, Degree_Program) VALUES (54, 2.78, 6, 'BS Software Engineering');
INSERT INTO ACADEMIC_RECORD (student_ID, GPA, Current_Semester, Degree_Program) VALUES (55, 3.12, 7, 'BBA');
INSERT INTO ACADEMIC_RECORD (student_ID, GPA, Current_Semester, Degree_Program) VALUES (56, 3.74, 6, 'BS Cyber Security');
INSERT INTO ACADEMIC_RECORD (student_ID, GPA, Current_Semester, Degree_Program) VALUES (57, 3.26, 3, 'BS Computer Science');
INSERT INTO ACADEMIC_RECORD (student_ID, GPA, Current_Semester, Degree_Program) VALUES (58, 3.47, 2, 'BS Software Engineering');
INSERT INTO ACADEMIC_RECORD (student_ID, GPA, Current_Semester, Degree_Program) VALUES (59, 3.79, 3, 'BS Artificial Intelligence');
INSERT INTO ACADEMIC_RECORD (student_ID, GPA, Current_Semester, Degree_Program) VALUES (60, 2.41, 2, 'BBA');
INSERT INTO ACADEMIC_RECORD (student_ID, GPA, Current_Semester, Degree_Program) VALUES (61, 2.3, 5, 'BS Artificial Intelligence');
INSERT INTO ACADEMIC_RECORD (student_ID, GPA, Current_Semester, Degree_Program) VALUES (63, 2.29, 8, 'BBA');
INSERT INTO ACADEMIC_RECORD (student_ID, GPA, Current_Semester, Degree_Program) VALUES (64, 3.56, 5, 'BS Software Engineering');
INSERT INTO ACADEMIC_RECORD (student_ID, GPA, Current_Semester, Degree_Program) VALUES (65, 3.52, 8, 'BBA');
INSERT INTO ACADEMIC_RECORD (student_ID, GPA, Current_Semester, Degree_Program) VALUES (67, 2.04, 1, 'BBA');
INSERT INTO ACADEMIC_RECORD (student_ID, GPA, Current_Semester, Degree_Program) VALUES (68, 2.45, 1, 'BS Computer Science');
INSERT INTO ACADEMIC_RECORD (student_ID, GPA, Current_Semester, Degree_Program) VALUES (70, 3.57, 12, 'BS Artificial Intelligence');
INSERT INTO ACADEMIC_RECORD (student_ID, GPA, Current_Semester, Degree_Program) VALUES (71, 2.47, 3, 'BS Software Engineering');
INSERT INTO ACADEMIC_RECORD (student_ID, GPA, Current_Semester, Degree_Program) VALUES (72, 2.72, 11, 'BS Data Science');
INSERT INTO ACADEMIC_RECORD (student_ID, GPA, Current_Semester, Degree_Program) VALUES (73, 2.98, 9, 'BS Computer Science');
INSERT INTO ACADEMIC_RECORD (student_ID, GPA, Current_Semester, Degree_Program) VALUES (75, 3.78, 3, 'BS Cyber Security');
INSERT INTO ACADEMIC_RECORD (student_ID, GPA, Current_Semester, Degree_Program) VALUES (76, 3.19, 2, 'BBA');
INSERT INTO ACADEMIC_RECORD (student_ID, GPA, Current_Semester, Degree_Program) VALUES (77, 2.72, 7, 'BS Data Science');
INSERT INTO ACADEMIC_RECORD (student_ID, GPA, Current_Semester, Degree_Program) VALUES (78, 2.33, 6, 'BBA');
INSERT INTO ACADEMIC_RECORD (student_ID, GPA, Current_Semester, Degree_Program) VALUES (79, 2.64, 10, 'BS Data Science');
INSERT INTO ACADEMIC_RECORD (student_ID, GPA, Current_Semester, Degree_Program) VALUES (80, 3.88, 8, 'BS Computer Science');
INSERT INTO ACADEMIC_RECORD (student_ID, GPA, Current_Semester, Degree_Program) VALUES (83, 3.39, 8, 'BS Computer Science');
INSERT INTO ACADEMIC_RECORD (student_ID, GPA, Current_Semester, Degree_Program) VALUES (84, 3.21, 11, 'BS Computer Science');
INSERT INTO ACADEMIC_RECORD (student_ID, GPA, Current_Semester, Degree_Program) VALUES (86, 3.92, 5, 'BS Computer Science');
INSERT INTO ACADEMIC_RECORD (student_ID, GPA, Current_Semester, Degree_Program) VALUES (87, 2.26, 12, 'BS Data Science');
INSERT INTO ACADEMIC_RECORD (student_ID, GPA, Current_Semester, Degree_Program) VALUES (89, 2.01, 4, 'BBA');
INSERT INTO ACADEMIC_RECORD (student_ID, GPA, Current_Semester, Degree_Program) VALUES (90, 2.79, 7, 'BS Software Engineering');
INSERT INTO ACADEMIC_RECORD (student_ID, GPA, Current_Semester, Degree_Program) VALUES (91, 2.85, 7, 'BS Cyber Security');
INSERT INTO ACADEMIC_RECORD (student_ID, GPA, Current_Semester, Degree_Program) VALUES (92, 3.42, 11, 'BS Data Science');
INSERT INTO ACADEMIC_RECORD (student_ID, GPA, Current_Semester, Degree_Program) VALUES (93, 2.26, 2, 'BBA');
INSERT INTO ACADEMIC_RECORD (student_ID, GPA, Current_Semester, Degree_Program) VALUES (94, 2.07, 8, 'BS Cyber Security');
INSERT INTO ACADEMIC_RECORD (student_ID, GPA, Current_Semester, Degree_Program) VALUES (95, 2.39, 5, 'BS Computer Science');
INSERT INTO ACADEMIC_RECORD (student_ID, GPA, Current_Semester, Degree_Program) VALUES (96, 2.35, 9, 'BS Software Engineering');
INSERT INTO ACADEMIC_RECORD (student_ID, GPA, Current_Semester, Degree_Program) VALUES (98, 3.38, 8, 'BS Cyber Security');
INSERT INTO ACADEMIC_RECORD (student_ID, GPA, Current_Semester, Degree_Program) VALUES (99, 2.51, 5, 'BS Artificial Intelligence');
INSERT INTO ACADEMIC_RECORD (student_ID, GPA, Current_Semester, Degree_Program) VALUES (100, 3.99, 12, 'BS Software Engineering');

select * from STUDENT s join ACADEMIC_RECORD a on s.student_ID=a.student_ID

--certifications

INSERT INTO CERTIFICATION (Certificate_ID, Organization, Title, certified_date, student_ID) VALUES (1, 'Microsoft', 'AI for Beginners', '2025-02-18', 1);
INSERT INTO CERTIFICATION (Certificate_ID, Organization, Title, certified_date, student_ID) VALUES (2, 'Microsoft', 'Web Development Bootcamp', '2022-11-21', 1);
INSERT INTO CERTIFICATION (Certificate_ID, Organization, Title, certified_date, student_ID) VALUES (3, 'IBM', 'Advanced SQL', '2025-03-18', 2);
INSERT INTO CERTIFICATION (Certificate_ID, Organization, Title, certified_date, student_ID) VALUES (4, 'IBM', 'Web Development Bootcamp', '2022-09-13', 3);
INSERT INTO CERTIFICATION (Certificate_ID, Organization, Title, certified_date, student_ID) VALUES (5, 'LinkedIn Learning', 'Advanced SQL', '2022-09-04', 4);
INSERT INTO CERTIFICATION (Certificate_ID, Organization, Title, certified_date, student_ID) VALUES (6, 'Google', 'Data Science with Python', '2023-09-21', 4);
INSERT INTO CERTIFICATION (Certificate_ID, Organization, Title, certified_date, student_ID) VALUES (7, 'Udemy', 'Python for Everybody', '2022-11-05', 4);
INSERT INTO CERTIFICATION (Certificate_ID, Organization, Title, certified_date, student_ID) VALUES (8, 'Google', 'Python for Everybody', '2022-11-02', 5);
INSERT INTO CERTIFICATION (Certificate_ID, Organization, Title, certified_date, student_ID) VALUES (9, 'edX', 'AI for Beginners', '2023-09-03', 5);
INSERT INTO CERTIFICATION (Certificate_ID, Organization, Title, certified_date, student_ID) VALUES (10, 'Google', 'Data Science with Python', '2024-04-28', 5);
INSERT INTO CERTIFICATION (Certificate_ID, Organization, Title, certified_date, student_ID) VALUES (11, 'edX', 'Web Development Bootcamp', '2022-12-15', 6);
INSERT INTO CERTIFICATION (Certificate_ID, Organization, Title, certified_date, student_ID) VALUES (12, 'Coursera', 'Machine Learning Basics', '2024-04-20', 7);
INSERT INTO CERTIFICATION (Certificate_ID, Organization, Title, certified_date, student_ID) VALUES (13, 'LinkedIn Learning', 'Cloud Fundamentals', '2023-09-29', 8);
INSERT INTO CERTIFICATION (Certificate_ID, Organization, Title, certified_date, student_ID) VALUES (14, 'IBM', 'AI for Beginners', '2022-10-19', 10);
INSERT INTO CERTIFICATION (Certificate_ID, Organization, Title, certified_date, student_ID) VALUES (15, 'Udemy', 'Data Structures and Algorithms', '2023-09-16', 10);
INSERT INTO CERTIFICATION (Certificate_ID, Organization, Title, certified_date, student_ID) VALUES (16, 'Microsoft', 'Web Development Bootcamp', '2024-04-23', 12);
INSERT INTO CERTIFICATION (Certificate_ID, Organization, Title, certified_date, student_ID) VALUES (17, 'IBM', 'Cloud Fundamentals', '2024-01-22', 13);
INSERT INTO CERTIFICATION (Certificate_ID, Organization, Title, certified_date, student_ID) VALUES (18, 'Udemy', 'AI for Beginners', '2023-04-29', 13);
INSERT INTO CERTIFICATION (Certificate_ID, Organization, Title, certified_date, student_ID) VALUES (19, 'Coursera', 'Machine Learning Basics', '2024-07-06', 13);
INSERT INTO CERTIFICATION (Certificate_ID, Organization, Title, certified_date, student_ID) VALUES (20, 'Microsoft', 'Python for Everybody', '2023-09-24', 14);
INSERT INTO CERTIFICATION (Certificate_ID, Organization, Title, certified_date, student_ID) VALUES (21, 'Google', 'Machine Learning Basics', '2024-05-10', 15);
INSERT INTO CERTIFICATION (Certificate_ID, Organization, Title, certified_date, student_ID) VALUES (22, 'Google', 'Python for Everybody', '2023-02-09', 15);
INSERT INTO CERTIFICATION (Certificate_ID, Organization, Title, certified_date, student_ID) VALUES (23, 'Microsoft', 'Web Development Bootcamp', '2022-08-14', 18);
INSERT INTO CERTIFICATION (Certificate_ID, Organization, Title, certified_date, student_ID) VALUES (24, 'IBM', 'Advanced SQL', '2022-10-23', 18);
INSERT INTO CERTIFICATION (Certificate_ID, Organization, Title, certified_date, student_ID) VALUES (25, 'LinkedIn Learning', 'Machine Learning Basics', '2024-10-13', 19);
INSERT INTO CERTIFICATION (Certificate_ID, Organization, Title, certified_date, student_ID) VALUES (26, 'IBM', 'Cybersecurity Essentials', '2023-11-15', 19);
INSERT INTO CERTIFICATION (Certificate_ID, Organization, Title, certified_date, student_ID) VALUES (27, 'LinkedIn Learning', 'Cloud Fundamentals', '2024-08-17', 20);
INSERT INTO CERTIFICATION (Certificate_ID, Organization, Title, certified_date, student_ID) VALUES (28, 'LinkedIn Learning', 'Machine Learning Basics', '2024-06-15', 20);
INSERT INTO CERTIFICATION (Certificate_ID, Organization, Title, certified_date, student_ID) VALUES (29, 'Google', 'Advanced SQL', '2024-08-26', 20);
INSERT INTO CERTIFICATION (Certificate_ID, Organization, Title, certified_date, student_ID) VALUES (30, 'Udemy', 'Data Structures and Algorithms', '2024-02-04', 21);
INSERT INTO CERTIFICATION (Certificate_ID, Organization, Title, certified_date, student_ID) VALUES (31, 'LinkedIn Learning', 'Cybersecurity Essentials', '2023-10-03', 21);
INSERT INTO CERTIFICATION (Certificate_ID, Organization, Title, certified_date, student_ID) VALUES (32, 'Udemy', 'Advanced SQL', '2024-10-17', 21);
INSERT INTO CERTIFICATION (Certificate_ID, Organization, Title, certified_date, student_ID) VALUES (33, 'LinkedIn Learning', 'Python for Everybody', '2024-01-06', 22);
INSERT INTO CERTIFICATION (Certificate_ID, Organization, Title, certified_date, student_ID) VALUES (34, 'Udemy', 'Python for Everybody', '2024-03-06', 22);
INSERT INTO CERTIFICATION (Certificate_ID, Organization, Title, certified_date, student_ID) VALUES (35, 'Udemy', 'Cloud Fundamentals', '2024-08-01', 23);
INSERT INTO CERTIFICATION (Certificate_ID, Organization, Title, certified_date, student_ID) VALUES (36, 'LinkedIn Learning', 'Data Science with Python', '2022-08-25', 24);
INSERT INTO CERTIFICATION (Certificate_ID, Organization, Title, certified_date, student_ID) VALUES (37, 'IBM', 'Advanced SQL', '2022-12-02', 25);
INSERT INTO CERTIFICATION (Certificate_ID, Organization, Title, certified_date, student_ID) VALUES (38, 'Google', 'Python for Everybody', '2023-07-25', 25);
INSERT INTO CERTIFICATION (Certificate_ID, Organization, Title, certified_date, student_ID) VALUES (39, 'Coursera', 'Machine Learning Basics', '2022-11-14', 25);
INSERT INTO CERTIFICATION (Certificate_ID, Organization, Title, certified_date, student_ID) VALUES (40, 'edX', 'AI for Beginners', '2022-08-20', 26);
INSERT INTO CERTIFICATION (Certificate_ID, Organization, Title, certified_date, student_ID) VALUES (41, 'Google', 'Web Development Bootcamp', '2025-03-08', 27);
INSERT INTO CERTIFICATION (Certificate_ID, Organization, Title, certified_date, student_ID) VALUES (42, 'Coursera', 'Cybersecurity Essentials', '2024-08-08', 27);
INSERT INTO CERTIFICATION (Certificate_ID, Organization, Title, certified_date, student_ID) VALUES (43, 'Microsoft', 'Data Science with Python', '2023-03-06', 28);
INSERT INTO CERTIFICATION (Certificate_ID, Organization, Title, certified_date, student_ID) VALUES (44, 'Google', 'Cloud Fundamentals', '2024-11-20', 28);
INSERT INTO CERTIFICATION (Certificate_ID, Organization, Title, certified_date, student_ID) VALUES (45, 'Google', 'Cybersecurity Essentials', '2024-09-13', 29);
INSERT INTO CERTIFICATION (Certificate_ID, Organization, Title, certified_date, student_ID) VALUES (46, 'Microsoft', 'Data Science with Python', '2024-10-29', 29);
INSERT INTO CERTIFICATION (Certificate_ID, Organization, Title, certified_date, student_ID) VALUES (47, 'edX', 'Cloud Fundamentals', '2023-10-05', 30);
INSERT INTO CERTIFICATION (Certificate_ID, Organization, Title, certified_date, student_ID) VALUES (48, 'Coursera', 'Advanced SQL', '2024-01-12', 31);
INSERT INTO CERTIFICATION (Certificate_ID, Organization, Title, certified_date, student_ID) VALUES (49, 'Coursera', 'Cloud Fundamentals', '2023-02-07', 31);
INSERT INTO CERTIFICATION (Certificate_ID, Organization, Title, certified_date, student_ID) VALUES (50, 'Udemy', 'Data Science with Python', '2024-10-10', 32);
INSERT INTO CERTIFICATION (Certificate_ID, Organization, Title, certified_date, student_ID) VALUES (51, 'Udemy', 'Cloud Fundamentals', '2024-08-13', 34);
INSERT INTO CERTIFICATION (Certificate_ID, Organization, Title, certified_date, student_ID) VALUES (52, 'Coursera', 'AI for Beginners', '2024-02-01', 37);
INSERT INTO CERTIFICATION (Certificate_ID, Organization, Title, certified_date, student_ID) VALUES (53, 'Google', 'Data Structures and Algorithms', '2024-03-02', 37);
INSERT INTO CERTIFICATION (Certificate_ID, Organization, Title, certified_date, student_ID) VALUES (54, 'Coursera', 'Data Science with Python', '2022-11-12', 38);
INSERT INTO CERTIFICATION (Certificate_ID, Organization, Title, certified_date, student_ID) VALUES (55, 'edX', 'Python for Everybody', '2024-02-16', 38);
INSERT INTO CERTIFICATION (Certificate_ID, Organization, Title, certified_date, student_ID) VALUES (56, 'edX', 'Machine Learning Basics', '2024-12-01', 39);
INSERT INTO CERTIFICATION (Certificate_ID, Organization, Title, certified_date, student_ID) VALUES (57, 'Microsoft', 'Advanced SQL', '2022-12-16', 39);
INSERT INTO CERTIFICATION (Certificate_ID, Organization, Title, certified_date, student_ID) VALUES (58, 'Coursera', 'Advanced SQL', '2024-03-24', 39);
INSERT INTO CERTIFICATION (Certificate_ID, Organization, Title, certified_date, student_ID) VALUES (59, 'LinkedIn Learning', 'Web Development Bootcamp', '2023-01-02', 40);
INSERT INTO CERTIFICATION (Certificate_ID, Organization, Title, certified_date, student_ID) VALUES (60, 'IBM', 'Python for Everybody', '2023-06-06', 40);
INSERT INTO CERTIFICATION (Certificate_ID, Organization, Title, certified_date, student_ID) VALUES (61, 'Coursera', 'Cybersecurity Essentials', '2024-02-13', 42);
INSERT INTO CERTIFICATION (Certificate_ID, Organization, Title, certified_date, student_ID) VALUES (62, 'edX', 'AI for Beginners', '2023-05-10', 43);
INSERT INTO CERTIFICATION (Certificate_ID, Organization, Title, certified_date, student_ID) VALUES (63, 'Coursera', 'Data Structures and Algorithms', '2023-06-25', 44);
INSERT INTO CERTIFICATION (Certificate_ID, Organization, Title, certified_date, student_ID) VALUES (64, 'Udemy', 'AI for Beginners', '2023-08-12', 44);
INSERT INTO CERTIFICATION (Certificate_ID, Organization, Title, certified_date, student_ID) VALUES (65, 'IBM', 'Cloud Fundamentals', '2024-09-18', 45);
INSERT INTO CERTIFICATION (Certificate_ID, Organization, Title, certified_date, student_ID) VALUES (66, 'Microsoft', 'Data Science with Python', '2023-12-08', 45);
INSERT INTO CERTIFICATION (Certificate_ID, Organization, Title, certified_date, student_ID) VALUES (67, 'edX', 'Cybersecurity Essentials', '2024-03-23', 46);
INSERT INTO CERTIFICATION (Certificate_ID, Organization, Title, certified_date, student_ID) VALUES (68, 'LinkedIn Learning', 'Machine Learning Basics', '2022-11-23', 47);
INSERT INTO CERTIFICATION (Certificate_ID, Organization, Title, certified_date, student_ID) VALUES (69, 'Microsoft', 'Machine Learning Basics', '2023-04-03', 48);
INSERT INTO CERTIFICATION (Certificate_ID, Organization, Title, certified_date, student_ID) VALUES (70, 'Udemy', 'Cybersecurity Essentials', '2023-03-17', 48);
INSERT INTO CERTIFICATION (Certificate_ID, Organization, Title, certified_date, student_ID) VALUES (71, 'Google', 'Data Structures and Algorithms', '2023-03-24', 50);
INSERT INTO CERTIFICATION (Certificate_ID, Organization, Title, certified_date, student_ID) VALUES (72, 'Udemy', 'Machine Learning Basics', '2022-10-24', 53);
INSERT INTO CERTIFICATION (Certificate_ID, Organization, Title, certified_date, student_ID) VALUES (73, 'LinkedIn Learning', 'Data Science with Python', '2024-09-22', 53);
INSERT INTO CERTIFICATION (Certificate_ID, Organization, Title, certified_date, student_ID) VALUES (74, 'Coursera', 'Web Development Bootcamp', '2024-02-03', 53);
INSERT INTO CERTIFICATION (Certificate_ID, Organization, Title, certified_date, student_ID) VALUES (75, 'Udemy', 'Cloud Fundamentals', '2024-04-08', 54);
INSERT INTO CERTIFICATION (Certificate_ID, Organization, Title, certified_date, student_ID) VALUES (76, 'edX', 'Cybersecurity Essentials', '2022-09-12', 54);
INSERT INTO CERTIFICATION (Certificate_ID, Organization, Title, certified_date, student_ID) VALUES (77, 'Coursera', 'Data Science with Python', '2022-08-07', 55);
INSERT INTO CERTIFICATION (Certificate_ID, Organization, Title, certified_date, student_ID) VALUES (78, 'Udemy', 'Cloud Fundamentals', '2024-08-18', 56);
INSERT INTO CERTIFICATION (Certificate_ID, Organization, Title, certified_date, student_ID) VALUES (79, 'Microsoft', 'AI for Beginners', '2023-07-16', 57);
INSERT INTO CERTIFICATION (Certificate_ID, Organization, Title, certified_date, student_ID) VALUES (80, 'edX', 'Python for Everybody', '2024-12-12', 58);
INSERT INTO CERTIFICATION (Certificate_ID, Organization, Title, certified_date, student_ID) VALUES (81, 'edX', 'Cloud Fundamentals', '2022-07-31', 58);
INSERT INTO CERTIFICATION (Certificate_ID, Organization, Title, certified_date, student_ID) VALUES (82, 'IBM', 'Advanced SQL', '2022-11-27', 59);
INSERT INTO CERTIFICATION (Certificate_ID, Organization, Title, certified_date, student_ID) VALUES (83, 'Microsoft', 'Machine Learning Basics', '2024-06-10', 59);
INSERT INTO CERTIFICATION (Certificate_ID, Organization, Title, certified_date, student_ID) VALUES (84, 'Google', 'Advanced SQL', '2023-12-29', 60);
INSERT INTO CERTIFICATION (Certificate_ID, Organization, Title, certified_date, student_ID) VALUES (85, 'edX', 'Cloud Fundamentals', '2023-06-24', 60);
INSERT INTO CERTIFICATION (Certificate_ID, Organization, Title, certified_date, student_ID) VALUES (86, 'Microsoft', 'Advanced SQL', '2025-01-09', 60);
INSERT INTO CERTIFICATION (Certificate_ID, Organization, Title, certified_date, student_ID) VALUES (87, 'Udemy', 'Data Structures and Algorithms', '2023-02-19', 61);
INSERT INTO CERTIFICATION (Certificate_ID, Organization, Title, certified_date, student_ID) VALUES (88, 'Coursera', 'Python for Everybody', '2025-03-10', 61);
INSERT INTO CERTIFICATION (Certificate_ID, Organization, Title, certified_date, student_ID) VALUES (89, 'Google', 'Machine Learning Basics', '2023-04-08', 61);
INSERT INTO CERTIFICATION (Certificate_ID, Organization, Title, certified_date, student_ID) VALUES (90, 'edX', 'Web Development Bootcamp', '2024-06-09', 63);
INSERT INTO CERTIFICATION (Certificate_ID, Organization, Title, certified_date, student_ID) VALUES (91, 'IBM', 'Data Science with Python', '2025-02-17', 63);
INSERT INTO CERTIFICATION (Certificate_ID, Organization, Title, certified_date, student_ID) VALUES (92, 'IBM', 'Python for Everybody', '2023-05-20', 64);
INSERT INTO CERTIFICATION (Certificate_ID, Organization, Title, certified_date, student_ID) VALUES (93, 'IBM', 'Advanced SQL', '2024-09-25', 64);
INSERT INTO CERTIFICATION (Certificate_ID, Organization, Title, certified_date, student_ID) VALUES (94, 'IBM', 'Cloud Fundamentals', '2023-02-25', 65);
INSERT INTO CERTIFICATION (Certificate_ID, Organization, Title, certified_date, student_ID) VALUES (95, 'LinkedIn Learning', 'Machine Learning Basics', '2022-09-27', 65);
INSERT INTO CERTIFICATION (Certificate_ID, Organization, Title, certified_date, student_ID) VALUES (96, 'LinkedIn Learning', 'Web Development Bootcamp', '2023-10-01', 65);
INSERT INTO CERTIFICATION (Certificate_ID, Organization, Title, certified_date, student_ID) VALUES (97, 'Microsoft', 'Python for Everybody', '2023-06-20', 67);
INSERT INTO CERTIFICATION (Certificate_ID, Organization, Title, certified_date, student_ID) VALUES (98, 'Udemy', 'Advanced SQL', '2024-02-11', 67);
INSERT INTO CERTIFICATION (Certificate_ID, Organization, Title, certified_date, student_ID) VALUES (99, 'Google', 'Python for Everybody', '2022-10-21', 67);
INSERT INTO CERTIFICATION (Certificate_ID, Organization, Title, certified_date, student_ID) VALUES (100, 'Google', 'Data Science with Python', '2025-01-17', 68);
INSERT INTO CERTIFICATION (Certificate_ID, Organization, Title, certified_date, student_ID) VALUES (101, 'Microsoft', 'Machine Learning Basics', '2023-09-16', 68);
INSERT INTO CERTIFICATION (Certificate_ID, Organization, Title, certified_date, student_ID) VALUES (102, 'IBM', 'Data Structures and Algorithms', '2022-09-13', 70);
INSERT INTO CERTIFICATION (Certificate_ID, Organization, Title, certified_date, student_ID) VALUES (103, 'Microsoft', 'Cybersecurity Essentials', '2022-08-15', 70);
INSERT INTO CERTIFICATION (Certificate_ID, Organization, Title, certified_date, student_ID) VALUES (104, 'Udemy', 'AI for Beginners', '2022-12-08', 71);
INSERT INTO CERTIFICATION (Certificate_ID, Organization, Title, certified_date, student_ID) VALUES (105, 'LinkedIn Learning', 'AI for Beginners', '2024-12-19', 71);
INSERT INTO CERTIFICATION (Certificate_ID, Organization, Title, certified_date, student_ID) VALUES (106, 'IBM', 'Advanced SQL', '2023-05-26', 71);
INSERT INTO CERTIFICATION (Certificate_ID, Organization, Title, certified_date, student_ID) VALUES (107, 'Coursera', 'Data Structures and Algorithms', '2024-09-08', 72);
INSERT INTO CERTIFICATION (Certificate_ID, Organization, Title, certified_date, student_ID) VALUES (108, 'Microsoft', 'Web Development Bootcamp', '2024-12-31', 72);
INSERT INTO CERTIFICATION (Certificate_ID, Organization, Title, certified_date, student_ID) VALUES (109, 'Google', 'Web Development Bootcamp', '2023-04-08', 72);
INSERT INTO CERTIFICATION (Certificate_ID, Organization, Title, certified_date, student_ID) VALUES (110, 'LinkedIn Learning', 'Cloud Fundamentals', '2023-05-28', 73);
INSERT INTO CERTIFICATION (Certificate_ID, Organization, Title, certified_date, student_ID) VALUES (111, 'LinkedIn Learning', 'Machine Learning Basics', '2023-02-23', 73);
INSERT INTO CERTIFICATION (Certificate_ID, Organization, Title, certified_date, student_ID) VALUES (112, 'edX', 'Data Science with Python', '2023-06-04', 75);
INSERT INTO CERTIFICATION (Certificate_ID, Organization, Title, certified_date, student_ID) VALUES (113, 'LinkedIn Learning', 'Machine Learning Basics', '2024-03-24', 76);
INSERT INTO CERTIFICATION (Certificate_ID, Organization, Title, certified_date, student_ID) VALUES (114, 'IBM', 'Cybersecurity Essentials', '2023-09-07', 77);
INSERT INTO CERTIFICATION (Certificate_ID, Organization, Title, certified_date, student_ID) VALUES (115, 'edX', 'Machine Learning Basics', '2024-09-26', 77);
INSERT INTO CERTIFICATION (Certificate_ID, Organization, Title, certified_date, student_ID) VALUES (116, 'Coursera', 'Data Science with Python', '2023-02-14', 78);
INSERT INTO CERTIFICATION (Certificate_ID, Organization, Title, certified_date, student_ID) VALUES (117, 'Udemy', 'Machine Learning Basics', '2023-06-26', 79);
INSERT INTO CERTIFICATION (Certificate_ID, Organization, Title, certified_date, student_ID) VALUES (118, 'IBM', 'Web Development Bootcamp', '2022-10-31', 79);
INSERT INTO CERTIFICATION (Certificate_ID, Organization, Title, certified_date, student_ID) VALUES (119, 'Coursera', 'AI for Beginners', '2024-09-03', 79);
INSERT INTO CERTIFICATION (Certificate_ID, Organization, Title, certified_date, student_ID) VALUES (120, 'IBM', 'Machine Learning Basics', '2024-02-07', 80);
INSERT INTO CERTIFICATION (Certificate_ID, Organization, Title, certified_date, student_ID) VALUES (121, 'Google', 'AI for Beginners', '2022-11-20', 83);
INSERT INTO CERTIFICATION (Certificate_ID, Organization, Title, certified_date, student_ID) VALUES (122, 'Microsoft', 'AI for Beginners', '2024-12-27', 83);
INSERT INTO CERTIFICATION (Certificate_ID, Organization, Title, certified_date, student_ID) VALUES (123, 'Microsoft', 'Cybersecurity Essentials', '2023-09-12', 84);
INSERT INTO CERTIFICATION (Certificate_ID, Organization, Title, certified_date, student_ID) VALUES (124, 'Udemy', 'Cloud Fundamentals', '2022-10-18', 84);
INSERT INTO CERTIFICATION (Certificate_ID, Organization, Title, certified_date, student_ID) VALUES (125, 'Google', 'Data Structures and Algorithms', '2025-02-13', 84);
INSERT INTO CERTIFICATION (Certificate_ID, Organization, Title, certified_date, student_ID) VALUES (126, 'IBM', 'Cybersecurity Essentials', '2023-02-07', 86);
INSERT INTO CERTIFICATION (Certificate_ID, Organization, Title, certified_date, student_ID) VALUES (127, 'Udemy', 'Data Structures and Algorithms', '2024-05-16', 86);
INSERT INTO CERTIFICATION (Certificate_ID, Organization, Title, certified_date, student_ID) VALUES (128, 'IBM', 'Web Development Bootcamp', '2022-12-15', 86);
INSERT INTO CERTIFICATION (Certificate_ID, Organization, Title, certified_date, student_ID) VALUES (129, 'Google', 'Python for Everybody', '2023-09-02', 87);
INSERT INTO CERTIFICATION (Certificate_ID, Organization, Title, certified_date, student_ID) VALUES (130, 'LinkedIn Learning', 'Data Science with Python', '2024-11-22', 89);
INSERT INTO CERTIFICATION (Certificate_ID, Organization, Title, certified_date, student_ID) VALUES (131, 'Coursera', 'Data Structures and Algorithms', '2024-07-23', 90);
INSERT INTO CERTIFICATION (Certificate_ID, Organization, Title, certified_date, student_ID) VALUES (132, 'Coursera', 'Cybersecurity Essentials', '2024-12-31', 91);
INSERT INTO CERTIFICATION (Certificate_ID, Organization, Title, certified_date, student_ID) VALUES (133, 'IBM', 'Advanced SQL', '2023-12-15', 91);
INSERT INTO CERTIFICATION (Certificate_ID, Organization, Title, certified_date, student_ID) VALUES (134, 'edX', 'AI for Beginners', '2024-05-03', 92);
INSERT INTO CERTIFICATION (Certificate_ID, Organization, Title, certified_date, student_ID) VALUES (135, 'Google', 'Advanced SQL', '2022-10-02', 92);
INSERT INTO CERTIFICATION (Certificate_ID, Organization, Title, certified_date, student_ID) VALUES (136, 'Coursera', 'Data Structures and Algorithms', '2022-12-15', 93);
INSERT INTO CERTIFICATION (Certificate_ID, Organization, Title, certified_date, student_ID) VALUES (137, 'edX', 'Data Science with Python', '2024-10-22', 93);
INSERT INTO CERTIFICATION (Certificate_ID, Organization, Title, certified_date, student_ID) VALUES (138, 'Udemy', 'Web Development Bootcamp', '2023-07-05', 93);
INSERT INTO CERTIFICATION (Certificate_ID, Organization, Title, certified_date, student_ID) VALUES (139, 'LinkedIn Learning', 'Data Science with Python', '2025-03-06', 94);
INSERT INTO CERTIFICATION (Certificate_ID, Organization, Title, certified_date, student_ID) VALUES (140, 'Google', 'Machine Learning Basics', '2025-02-07', 94);
INSERT INTO CERTIFICATION (Certificate_ID, Organization, Title, certified_date, student_ID) VALUES (141, 'edX', 'Data Science with Python', '2024-08-14', 94);
INSERT INTO CERTIFICATION (Certificate_ID, Organization, Title, certified_date, student_ID) VALUES (142, 'edX', 'Advanced SQL', '2025-02-22', 95);
INSERT INTO CERTIFICATION (Certificate_ID, Organization, Title, certified_date, student_ID) VALUES (143, 'Udemy', 'Advanced SQL', '2023-04-04', 95);
INSERT INTO CERTIFICATION (Certificate_ID, Organization, Title, certified_date, student_ID) VALUES (144, 'IBM', 'AI for Beginners', '2024-03-08', 96);
INSERT INTO CERTIFICATION (Certificate_ID, Organization, Title, certified_date, student_ID) VALUES (145, 'IBM', 'Python for Everybody', '2023-10-21', 98);
INSERT INTO CERTIFICATION (Certificate_ID, Organization, Title, certified_date, student_ID) VALUES (146, 'Google', 'Advanced SQL', '2024-10-31', 98);
INSERT INTO CERTIFICATION (Certificate_ID, Organization, Title, certified_date, student_ID) VALUES (147, 'edX', 'AI for Beginners', '2023-11-10', 98);
INSERT INTO CERTIFICATION (Certificate_ID, Organization, Title, certified_date, student_ID) VALUES (148, 'IBM', 'Web Development Bootcamp', '2024-07-16', 99);
INSERT INTO CERTIFICATION (Certificate_ID, Organization, Title, certified_date, student_ID) VALUES (149, 'Coursera', 'Machine Learning Basics', '2023-05-27', 99);
INSERT INTO CERTIFICATION (Certificate_ID, Organization, Title, certified_date, student_ID) VALUES (150, 'IBM', 'AI for Beginners', '2024-08-22', 100);
INSERT INTO CERTIFICATION (Certificate_ID, Organization, Title, certified_date, student_ID) VALUES (151, 'IBM', 'AI for Beginners', '2022-10-11', 100);

select * from certification c join USERS u on c.student_ID=u.user_ID 


select user_id from TPO join USERS on TPO_ID=user_ID
--coordinators

select * from coordinator 
--
--job fair events

INSERT INTO JOB_FAIR_EVENTS (eventID, title, date, venue_location, staff, scheduler_ID) VALUES (1, 'Startup Expo', '2025-05-07', 'IT Block Lobby', 'Mr. Ahmed', 82);
INSERT INTO JOB_FAIR_EVENTS (eventID, title, date, venue_location, staff, scheduler_ID) VALUES (2, 'Tech Talent Summit', '2024-10-05', 'Conference Hall A', 'Mr. Ahmed', 82);
INSERT INTO JOB_FAIR_EVENTS (eventID, title, date, venue_location, staff, scheduler_ID) VALUES (3, 'Internship Connect', '2025-09-02', 'IT Block Lobby', 'Ms. Sana', 17);
INSERT INTO JOB_FAIR_EVENTS (eventID, title, date, venue_location, staff, scheduler_ID) VALUES (4, 'Innovation & Hiring Conclave', '2024-10-09', 'IT Block Lobby', 'Dr. Khan', 74);
INSERT INTO JOB_FAIR_EVENTS (eventID, title, date, venue_location, staff, scheduler_ID) VALUES (5, 'Graduate Hiring Week', '2025-07-09', 'Auditorium Annex', 'Mr. Rizwan', 82);
INSERT INTO JOB_FAIR_EVENTS (eventID, title, date, venue_location, staff, scheduler_ID) VALUES (6, 'AI & Data Science Fair', '2025-01-17', 'Engineering Block 2', 'Ms. Sana', 82);
INSERT INTO JOB_FAIR_EVENTS (eventID, title, date, venue_location, staff, scheduler_ID) VALUES (7, 'Campus Recruitment Drive', '2025-11-05', 'Conference Hall A', 'Mr. Rizwan', 82);
INSERT INTO JOB_FAIR_EVENTS (eventID, title, date, venue_location, staff, scheduler_ID) VALUES (8, 'Industry Meet 2025', '2025-09-25', 'Engineering Block 2', 'Ms. Sana', 17);
INSERT INTO JOB_FAIR_EVENTS (eventID, title, date, venue_location, staff, scheduler_ID) VALUES (9, 'Engineering Job Fest', '2024-11-06', 'IT Block Lobby', 'Dr. Khan', 74);


select * from JOB_FAIR_EVENTS

--booths
INSERT INTO BOOTH (booth_ID, location, eventID, coordinator_ID) VALUES (1, 'Right Wing Hall', 1, 9);
INSERT INTO BOOTH (booth_ID, location, eventID, coordinator_ID) VALUES (2, 'Backyard Area', 2, 81);
INSERT INTO BOOTH (booth_ID, location, eventID, coordinator_ID) VALUES (3, 'Entrance Lobby', 3, 9);
INSERT INTO BOOTH (booth_ID, location, eventID, coordinator_ID) VALUES (4, 'IT Floor Booths', 4, 9);
INSERT INTO BOOTH (booth_ID, location, eventID, coordinator_ID) VALUES (5, 'Food Court Side', 5, 81);
INSERT INTO BOOTH (booth_ID, location, eventID, coordinator_ID) VALUES (6, 'Left Wing Hall', 6, 9);
INSERT INTO BOOTH (booth_ID, location, eventID, coordinator_ID) VALUES (7, 'Central Plaza', 7, 9);
INSERT INTO BOOTH (booth_ID, location, eventID, coordinator_ID) VALUES (8, 'Exhibition Zone', 8, 81);
INSERT INTO BOOTH (booth_ID, location, eventID, coordinator_ID) VALUES (9, 'Main Stage Side', 9, 81);

select * from booth

--booth assignment
INSERT INTO BOOTH_ASSIGNMENT (TPO_ID, booth_ID) VALUES (74, 1);
INSERT INTO BOOTH_ASSIGNMENT (TPO_ID, booth_ID) VALUES (17, 1);
INSERT INTO BOOTH_ASSIGNMENT (TPO_ID, booth_ID) VALUES (82, 1);
INSERT INTO BOOTH_ASSIGNMENT (TPO_ID, booth_ID) VALUES (74, 2);
INSERT INTO BOOTH_ASSIGNMENT (TPO_ID, booth_ID) VALUES (82, 2);
INSERT INTO BOOTH_ASSIGNMENT (TPO_ID, booth_ID) VALUES (17, 2);
INSERT INTO BOOTH_ASSIGNMENT (TPO_ID, booth_ID) VALUES (82, 3);
INSERT INTO BOOTH_ASSIGNMENT (TPO_ID, booth_ID) VALUES (17, 3);
INSERT INTO BOOTH_ASSIGNMENT (TPO_ID, booth_ID) VALUES (74, 4);
INSERT INTO BOOTH_ASSIGNMENT (TPO_ID, booth_ID) VALUES (82, 4);
INSERT INTO BOOTH_ASSIGNMENT (TPO_ID, booth_ID) VALUES (17, 4);
INSERT INTO BOOTH_ASSIGNMENT (TPO_ID, booth_ID) VALUES (82, 5);
INSERT INTO BOOTH_ASSIGNMENT (TPO_ID, booth_ID) VALUES (74, 5);
INSERT INTO BOOTH_ASSIGNMENT (TPO_ID, booth_ID) VALUES (17, 6);
INSERT INTO BOOTH_ASSIGNMENT (TPO_ID, booth_ID) VALUES (74, 6);
INSERT INTO BOOTH_ASSIGNMENT (TPO_ID, booth_ID) VALUES (82, 6);
INSERT INTO BOOTH_ASSIGNMENT (TPO_ID, booth_ID) VALUES (17, 7);
INSERT INTO BOOTH_ASSIGNMENT (TPO_ID, booth_ID) VALUES (17, 8);
INSERT INTO BOOTH_ASSIGNMENT (TPO_ID, booth_ID) VALUES (17, 9);
INSERT INTO BOOTH_ASSIGNMENT (TPO_ID, booth_ID) VALUES (74, 9);
INSERT INTO BOOTH_ASSIGNMENT (TPO_ID, booth_ID) VALUES (82, 9);

select * from BOOTH_ASSIGNMENT



select * from STUDENT
select * from recruiter

-- booth checkin
INSERT INTO BOOTH_CHECKIN (checkIn_Time, student_ID, booth_ID, eventID) VALUES ('2024-04-21 11:29:00', 1, 8, 1);
INSERT INTO BOOTH_CHECKIN (checkIn_Time, student_ID, booth_ID, eventID) VALUES ('2024-04-21 10:11:00', 2, 5, 2);
INSERT INTO BOOTH_CHECKIN (checkIn_Time, student_ID, booth_ID, eventID) VALUES ('2024-04-21 10:54:00', 3, 6, 6);
INSERT INTO BOOTH_CHECKIN (checkIn_Time, student_ID, booth_ID, eventID) VALUES ('2024-04-21 10:49:00', 4, 4, 5);
INSERT INTO BOOTH_CHECKIN (checkIn_Time, student_ID, booth_ID, eventID) VALUES ('2024-04-21 10:19:00', 5, 3, 8);
INSERT INTO BOOTH_CHECKIN (checkIn_Time, student_ID, booth_ID, eventID) VALUES ('2024-04-21 11:52:00', 6, 9, 9);
INSERT INTO BOOTH_CHECKIN (checkIn_Time, student_ID, booth_ID, eventID) VALUES ('2024-04-21 12:47:00', 7, 9, 1);
INSERT INTO BOOTH_CHECKIN (checkIn_Time, student_ID, booth_ID, eventID) VALUES ('2024-04-21 11:35:00', 8, 9, 5);
INSERT INTO BOOTH_CHECKIN (checkIn_Time, student_ID, booth_ID, eventID) VALUES ('2024-04-21 10:48:00', 10, 9, 7);
INSERT INTO BOOTH_CHECKIN (checkIn_Time, student_ID, booth_ID, eventID) VALUES ('2024-04-21 10:17:00', 12, 4, 7);
INSERT INTO BOOTH_CHECKIN (checkIn_Time, student_ID, booth_ID, eventID) VALUES ('2024-04-21 11:06:00', 13, 1, 2);
INSERT INTO BOOTH_CHECKIN (checkIn_Time, student_ID, booth_ID, eventID) VALUES ('2024-04-21 13:15:00', 14, 6, 8);
INSERT INTO BOOTH_CHECKIN (checkIn_Time, student_ID, booth_ID, eventID) VALUES ('2024-04-21 09:48:00', 15, 8, 7);
INSERT INTO BOOTH_CHECKIN (checkIn_Time, student_ID, booth_ID, eventID) VALUES ('2024-04-21 10:53:00', 18, 4, 1);
INSERT INTO BOOTH_CHECKIN (checkIn_Time, student_ID, booth_ID, eventID) VALUES ('2024-04-21 11:11:00', 19, 6, 4);
INSERT INTO BOOTH_CHECKIN (checkIn_Time, student_ID, booth_ID, eventID) VALUES ('2024-04-21 09:18:00', 20, 1, 1);
INSERT INTO BOOTH_CHECKIN (checkIn_Time, student_ID, booth_ID, eventID) VALUES ('2024-04-21 13:58:00', 21, 8, 4);
INSERT INTO BOOTH_CHECKIN (checkIn_Time, student_ID, booth_ID, eventID) VALUES ('2024-04-21 09:43:00', 22, 8, 9);
INSERT INTO BOOTH_CHECKIN (checkIn_Time, student_ID, booth_ID, eventID) VALUES ('2024-04-21 11:19:00', 23, 2, 2);
INSERT INTO BOOTH_CHECKIN (checkIn_Time, student_ID, booth_ID, eventID) VALUES ('2024-04-21 12:07:00', 24, 9, 5);
INSERT INTO BOOTH_CHECKIN (checkIn_Time, student_ID, booth_ID, eventID) VALUES ('2024-04-21 12:37:00', 25, 8, 8);
INSERT INTO BOOTH_CHECKIN (checkIn_Time, student_ID, booth_ID, eventID) VALUES ('2024-04-21 09:44:00', 26, 2, 8);
INSERT INTO BOOTH_CHECKIN (checkIn_Time, student_ID, booth_ID, eventID) VALUES ('2024-04-21 10:51:00', 27, 6, 3);
INSERT INTO BOOTH_CHECKIN (checkIn_Time, student_ID, booth_ID, eventID) VALUES ('2024-04-21 10:09:00', 28, 3, 9);
INSERT INTO BOOTH_CHECKIN (checkIn_Time, student_ID, booth_ID, eventID) VALUES ('2024-04-21 12:13:00', 29, 6, 7);
INSERT INTO BOOTH_CHECKIN (checkIn_Time, student_ID, booth_ID, eventID) VALUES ('2024-04-21 11:05:00', 30, 4, 3);
INSERT INTO BOOTH_CHECKIN (checkIn_Time, student_ID, booth_ID, eventID) VALUES ('2024-04-21 12:15:00', 31, 1, 7);
INSERT INTO BOOTH_CHECKIN (checkIn_Time, student_ID, booth_ID, eventID) VALUES ('2024-04-21 10:26:00', 32, 4, 3);
INSERT INTO BOOTH_CHECKIN (checkIn_Time, student_ID, booth_ID, eventID) VALUES ('2024-04-21 10:55:00', 34, 6, 6);
INSERT INTO BOOTH_CHECKIN (checkIn_Time, student_ID, booth_ID, eventID) VALUES ('2024-04-21 12:40:00', 37, 9, 7);
INSERT INTO BOOTH_CHECKIN (checkIn_Time, student_ID, booth_ID, eventID) VALUES ('2024-04-21 11:08:00', 38, 2, 8);
INSERT INTO BOOTH_CHECKIN (checkIn_Time, student_ID, booth_ID, eventID) VALUES ('2024-04-21 10:29:00', 39, 6, 4);
INSERT INTO BOOTH_CHECKIN (checkIn_Time, student_ID, booth_ID, eventID) VALUES ('2024-04-21 09:01:00', 40, 8, 5);
INSERT INTO BOOTH_CHECKIN (checkIn_Time, student_ID, booth_ID, eventID) VALUES ('2024-04-21 10:15:00', 42, 2, 2);
INSERT INTO BOOTH_CHECKIN (checkIn_Time, student_ID, booth_ID, eventID) VALUES ('2024-04-21 13:16:00', 43, 1, 4);
INSERT INTO BOOTH_CHECKIN (checkIn_Time, student_ID, booth_ID, eventID) VALUES ('2024-04-21 09:05:00', 44, 6, 2);
INSERT INTO BOOTH_CHECKIN (checkIn_Time, student_ID, booth_ID, eventID) VALUES ('2024-04-21 13:04:00', 45, 8, 4);
INSERT INTO BOOTH_CHECKIN (checkIn_Time, student_ID, booth_ID, eventID) VALUES ('2024-04-21 09:21:00', 46, 6, 6);
INSERT INTO BOOTH_CHECKIN (checkIn_Time, student_ID, booth_ID, eventID) VALUES ('2024-04-21 12:35:00', 47, 2, 3);
INSERT INTO BOOTH_CHECKIN (checkIn_Time, student_ID, booth_ID, eventID) VALUES ('2024-04-21 13:28:00', 48, 8, 6);
INSERT INTO BOOTH_CHECKIN (checkIn_Time, student_ID, booth_ID, eventID) VALUES ('2024-04-21 11:41:00', 50, 9, 6);
INSERT INTO BOOTH_CHECKIN (checkIn_Time, student_ID, booth_ID, eventID) VALUES ('2024-04-21 10:21:00', 53, 9, 4);
INSERT INTO BOOTH_CHECKIN (checkIn_Time, student_ID, booth_ID, eventID) VALUES ('2024-04-21 11:07:00', 54, 9, 6);
INSERT INTO BOOTH_CHECKIN (checkIn_Time, student_ID, booth_ID, eventID) VALUES ('2024-04-21 09:00:00', 55, 3, 6);
INSERT INTO BOOTH_CHECKIN (checkIn_Time, student_ID, booth_ID, eventID) VALUES ('2024-04-21 13:41:00', 56, 9, 8);
INSERT INTO BOOTH_CHECKIN (checkIn_Time, student_ID, booth_ID, eventID) VALUES ('2024-04-21 09:19:00', 57, 3, 2);
INSERT INTO BOOTH_CHECKIN (checkIn_Time, student_ID, booth_ID, eventID) VALUES ('2024-04-21 12:59:00', 58, 1, 5);
INSERT INTO BOOTH_CHECKIN (checkIn_Time, student_ID, booth_ID, eventID) VALUES ('2024-04-21 13:50:00', 59, 5, 2);
INSERT INTO BOOTH_CHECKIN (checkIn_Time, student_ID, booth_ID, eventID) VALUES ('2024-04-21 12:44:00', 60, 4, 4);
INSERT INTO BOOTH_CHECKIN (checkIn_Time, student_ID, booth_ID, eventID) VALUES ('2024-04-21 13:45:00', 61, 9, 4);
INSERT INTO BOOTH_CHECKIN (checkIn_Time, student_ID, booth_ID, eventID) VALUES ('2024-04-21 09:59:00', 63, 6, 4);
INSERT INTO BOOTH_CHECKIN (checkIn_Time, student_ID, booth_ID, eventID) VALUES ('2024-04-21 09:58:00', 64, 9, 9);
INSERT INTO BOOTH_CHECKIN (checkIn_Time, student_ID, booth_ID, eventID) VALUES ('2024-04-21 11:16:00', 65, 5, 5);
INSERT INTO BOOTH_CHECKIN (checkIn_Time, student_ID, booth_ID, eventID) VALUES ('2024-04-21 12:04:00', 67, 9, 8);
INSERT INTO BOOTH_CHECKIN (checkIn_Time, student_ID, booth_ID, eventID) VALUES ('2024-04-21 13:03:00', 68, 2, 8);
INSERT INTO BOOTH_CHECKIN (checkIn_Time, student_ID, booth_ID, eventID) VALUES ('2024-04-21 09:09:00', 70, 4, 3);
INSERT INTO BOOTH_CHECKIN (checkIn_Time, student_ID, booth_ID, eventID) VALUES ('2024-04-21 12:57:00', 71, 5, 8);
INSERT INTO BOOTH_CHECKIN (checkIn_Time, student_ID, booth_ID, eventID) VALUES ('2024-04-21 11:32:00', 72, 9, 2);
INSERT INTO BOOTH_CHECKIN (checkIn_Time, student_ID, booth_ID, eventID) VALUES ('2024-04-21 11:54:00', 73, 4, 8);
INSERT INTO BOOTH_CHECKIN (checkIn_Time, student_ID, booth_ID, eventID) VALUES ('2024-04-21 11:46:00', 75, 6, 3);
INSERT INTO BOOTH_CHECKIN (checkIn_Time, student_ID, booth_ID, eventID) VALUES ('2024-04-21 13:01:00', 76, 1, 8);
INSERT INTO BOOTH_CHECKIN (checkIn_Time, student_ID, booth_ID, eventID) VALUES ('2024-04-21 13:43:00', 77, 5, 8);
INSERT INTO BOOTH_CHECKIN (checkIn_Time, student_ID, booth_ID, eventID) VALUES ('2024-04-21 10:43:00', 78, 5, 6);
INSERT INTO BOOTH_CHECKIN (checkIn_Time, student_ID, booth_ID, eventID) VALUES ('2024-04-21 12:36:00', 79, 1, 5);
INSERT INTO BOOTH_CHECKIN (checkIn_Time, student_ID, booth_ID, eventID) VALUES ('2024-04-21 10:05:00', 80, 4, 1);
INSERT INTO BOOTH_CHECKIN (checkIn_Time, student_ID, booth_ID, eventID) VALUES ('2024-04-21 11:18:00', 83, 8, 6);
INSERT INTO BOOTH_CHECKIN (checkIn_Time, student_ID, booth_ID, eventID) VALUES ('2024-04-21 11:31:00', 84, 7, 6);
INSERT INTO BOOTH_CHECKIN (checkIn_Time, student_ID, booth_ID, eventID) VALUES ('2024-04-21 10:57:00', 86, 3, 2);
INSERT INTO BOOTH_CHECKIN (checkIn_Time, student_ID, booth_ID, eventID) VALUES ('2024-04-21 13:17:00', 87, 5, 8);
INSERT INTO BOOTH_CHECKIN (checkIn_Time, student_ID, booth_ID, eventID) VALUES ('2024-04-21 09:51:00', 89, 2, 8);
INSERT INTO BOOTH_CHECKIN (checkIn_Time, student_ID, booth_ID, eventID) VALUES ('2024-04-21 10:58:00', 90, 8, 1);
INSERT INTO BOOTH_CHECKIN (checkIn_Time, student_ID, booth_ID, eventID) VALUES ('2024-04-21 13:57:00', 91, 8, 2);
INSERT INTO BOOTH_CHECKIN (checkIn_Time, student_ID, booth_ID, eventID) VALUES ('2024-04-21 09:17:00', 92, 5, 6);
INSERT INTO BOOTH_CHECKIN (checkIn_Time, student_ID, booth_ID, eventID) VALUES ('2024-04-21 09:46:00', 93, 6, 6);
INSERT INTO BOOTH_CHECKIN (checkIn_Time, student_ID, booth_ID, eventID) VALUES ('2024-04-21 13:55:00', 94, 4, 6);
INSERT INTO BOOTH_CHECKIN (checkIn_Time, student_ID, booth_ID, eventID) VALUES ('2024-04-21 13:47:00', 95, 7, 8);
INSERT INTO BOOTH_CHECKIN (checkIn_Time, student_ID, booth_ID, eventID) VALUES ('2024-04-21 13:53:00', 96, 5, 5);
INSERT INTO BOOTH_CHECKIN (checkIn_Time, student_ID, booth_ID, eventID) VALUES ('2024-04-21 12:08:00', 98, 9, 1);
INSERT INTO BOOTH_CHECKIN (checkIn_Time, student_ID, booth_ID, eventID) VALUES ('2024-04-21 13:31:00', 99, 8, 1);
INSERT INTO BOOTH_CHECKIN (checkIn_Time, student_ID, booth_ID, eventID) VALUES ('2024-04-21 09:56:00', 100, 4, 7);

select * from BOOTH_CHECKIN


--booth monitoring
INSERT INTO BOOTH_MONITORING (TPO_ID, checkIn_Time) VALUES (74, '2024-04-21 09:00:00.000');
INSERT INTO BOOTH_MONITORING (TPO_ID, checkIn_Time) VALUES (17, '2024-04-21 09:01:00.000');
INSERT INTO BOOTH_MONITORING (TPO_ID, checkIn_Time) VALUES (82, '2024-04-21 09:05:00.000');
INSERT INTO BOOTH_MONITORING (TPO_ID, checkIn_Time) VALUES (74, '2024-04-21 09:09:00.000');
INSERT INTO BOOTH_MONITORING (TPO_ID, checkIn_Time) VALUES (17, '2024-04-21 09:17:00.000');
INSERT INTO BOOTH_MONITORING (TPO_ID, checkIn_Time) VALUES (82, '2024-04-21 09:18:00.000');
INSERT INTO BOOTH_MONITORING (TPO_ID, checkIn_Time) VALUES (74, '2024-04-21 09:19:00.000');
INSERT INTO BOOTH_MONITORING (TPO_ID, checkIn_Time) VALUES (17, '2024-04-21 09:21:00.000');
INSERT INTO BOOTH_MONITORING (TPO_ID, checkIn_Time) VALUES (82, '2024-04-21 09:43:00.000');
INSERT INTO BOOTH_MONITORING (TPO_ID, checkIn_Time) VALUES (74, '2024-04-21 09:44:00.000');
INSERT INTO BOOTH_MONITORING (TPO_ID, checkIn_Time) VALUES (17, '2024-04-21 09:46:00.000');
INSERT INTO BOOTH_MONITORING (TPO_ID, checkIn_Time) VALUES (82, '2024-04-21 09:48:00.000');
INSERT INTO BOOTH_MONITORING (TPO_ID, checkIn_Time) VALUES (74, '2024-04-21 09:51:00.000');
INSERT INTO BOOTH_MONITORING (TPO_ID, checkIn_Time) VALUES (17, '2024-04-21 09:56:00.000');
INSERT INTO BOOTH_MONITORING (TPO_ID, checkIn_Time) VALUES (82, '2024-04-21 09:58:00.000');
INSERT INTO BOOTH_MONITORING (TPO_ID, checkIn_Time) VALUES (74, '2024-04-21 09:59:00.000');
INSERT INTO BOOTH_MONITORING (TPO_ID, checkIn_Time) VALUES (17, '2024-04-21 10:05:00.000');
INSERT INTO BOOTH_MONITORING (TPO_ID, checkIn_Time) VALUES (82, '2024-04-21 10:09:00.000');
INSERT INTO BOOTH_MONITORING (TPO_ID, checkIn_Time) VALUES (74, '2024-04-21 10:11:00.000');
INSERT INTO BOOTH_MONITORING (TPO_ID, checkIn_Time) VALUES (17, '2024-04-21 10:15:00.000');


select * from BOOTH_MONITORIng
select checkIn_Time from BOOTH_MONITORING


--student verification


INSERT INTO STUDENT_VERIFICATION (coordinator_ID, checkIn_Time) VALUES
(9, '2024-04-21 09:01:00.000'),
(81, '2024-04-21 09:17:00.000'),
(9, '2024-04-21 09:21:00.000'),
(81, '2024-04-21 09:46:00.000'),
(9, '2024-04-21 09:56:00.000'),
(81, '2024-04-21 10:05:00.000'),
(9, '2024-04-21 10:15:00.000'),
(81, '2024-04-21 09:00:00.000'),
(9, '2024-04-21 09:09:00.000'),
(81, '2024-04-21 09:19:00.000'),
(9, '2024-04-21 09:44:00.000'),
(81, '2024-04-21 09:51:00.000'),
(9, '2024-04-21 09:59:00.000'),
(81, '2024-04-21 10:11:00.000'),
(9, '2024-04-21 09:05:00.000'),
(81, '2024-04-21 09:18:00.000'),
(9, '2024-04-21 09:43:00.000'),
(81, '2024-04-21 09:48:00.000'),
(9, '2024-04-21 09:58:00.000'),
(81, '2024-04-21 10:09:00.000');


select * from STUDENT_VERIFICATION

--booth tracking
INSERT INTO BOOTH_TRACKING (booth_ID, booth_Traffic) VALUES (1, 89);
INSERT INTO BOOTH_TRACKING (booth_ID, booth_Traffic) VALUES (2, 112);
INSERT INTO BOOTH_TRACKING (booth_ID, booth_Traffic) VALUES (3, 190);
INSERT INTO BOOTH_TRACKING (booth_ID, booth_Traffic) VALUES (4, 122);
INSERT INTO BOOTH_TRACKING (booth_ID, booth_Traffic) VALUES (5, 124);
INSERT INTO BOOTH_TRACKING (booth_ID, booth_Traffic) VALUES (6, 101);
INSERT INTO BOOTH_TRACKING (booth_ID, booth_Traffic) VALUES (7, 164);
INSERT INTO BOOTH_TRACKING (booth_ID, booth_Traffic) VALUES (8, 128);
INSERT INTO BOOTH_TRACKING (booth_ID, booth_Traffic) VALUES (9, 153);

select * from BOOTH_TRACKING

--company
INSERT INTO COMPANY (company_ID, Name, sector, Street, booth_ID) VALUES (1, 'SkyNet', 'Technology', 'Maple Avenue', 3);
INSERT INTO COMPANY (company_ID, Name, sector, Street, booth_ID) VALUES (2, 'TechNova', 'Finance', 'Elm Street', 3);
INSERT INTO COMPANY (company_ID, Name, sector, Street, booth_ID) VALUES (3, 'MediCorp', 'Automobile', 'Lakeview Drive', 4);
INSERT INTO COMPANY (company_ID, Name, sector, Street, booth_ID) VALUES (4, 'SkyNet', 'Education', '5th Avenue', 3);
INSERT INTO COMPANY (company_ID, Name, sector, Street, booth_ID) VALUES (5, 'FreshCart', 'Construction', 'Broadway', 1);
INSERT INTO COMPANY (company_ID, Name, sector, Street, booth_ID) VALUES (6, 'BuildSmart', 'Retail', 'Lakeview Drive', 2);
INSERT INTO COMPANY (company_ID, Name, sector, Street, booth_ID) VALUES (7, 'EcoDrive', 'Education', 'Lakeview Drive', 2);
INSERT INTO COMPANY (company_ID, Name, sector, Street, booth_ID) VALUES (8, 'TechNova', 'Education', 'Maple Avenue', 2);
INSERT INTO COMPANY (company_ID, Name, sector, Street, booth_ID) VALUES (9, 'FreshCart', 'Construction', 'Lakeview Drive', 5);
INSERT INTO COMPANY (company_ID, Name, sector, Street, booth_ID) VALUES (10, 'AutoLink', 'Technology', 'River Road', 7);
INSERT INTO COMPANY (company_ID, Name, sector, Street, booth_ID) VALUES (11, 'AutoLink', 'Finance', 'Elm Street', 3);
INSERT INTO COMPANY (company_ID, Name, sector, Street, booth_ID) VALUES (12, 'MediCorp', 'Construction', 'Sunset Blvd', 5);
INSERT INTO COMPANY (company_ID, Name, sector, Street, booth_ID) VALUES (13, 'Finverse', 'Finance', 'Broadway', 9);
INSERT INTO COMPANY (company_ID, Name, sector, Street, booth_ID) VALUES (14, 'SkyNet', 'Retail', 'River Road', 4);
INSERT INTO COMPANY (company_ID, Name, sector, Street, booth_ID) VALUES (15, 'SkyNet', 'Education', 'Sunset Blvd', 6);
INSERT INTO COMPANY (company_ID, Name, sector, Street, booth_ID) VALUES (16, 'MediCorp', 'Technology', 'Maple Avenue', 1);
INSERT INTO COMPANY (company_ID, Name, sector, Street, booth_ID) VALUES (17, 'TechNova', 'Retail', 'Elm Street', 2);
INSERT INTO COMPANY (company_ID, Name, sector, Street, booth_ID) VALUES (18, 'TechNova', 'Healthcare', 'Maple Avenue', 3);
INSERT INTO COMPANY (company_ID, Name, sector, Street, booth_ID) VALUES (19, 'Finverse', 'Finance', '5th Avenue', 7);
INSERT INTO COMPANY (company_ID, Name, sector, Street, booth_ID) VALUES (20, 'EcoDrive', 'Technology', '5th Avenue', 3);
INSERT INTO COMPANY (company_ID, Name, sector, Street, booth_ID) VALUES (21, 'EcoDrive', 'Technology', '5th Avenue', 2);
INSERT INTO COMPANY (company_ID, Name, sector, Street, booth_ID) VALUES (22, 'EduGrow', 'Healthcare', 'Elm Street', 1);
INSERT INTO COMPANY (company_ID, Name, sector, Street, booth_ID) VALUES (23, 'EcoDrive', 'Technology', 'River Road', 3);
INSERT INTO COMPANY (company_ID, Name, sector, Street, booth_ID) VALUES (24, 'AutoLink', 'Construction', 'Lakeview Drive', 6);
INSERT INTO COMPANY (company_ID, Name, sector, Street, booth_ID) VALUES (25, 'EcoDrive', 'Construction', 'River Road', 8);
INSERT INTO COMPANY (company_ID, Name, sector, Street, booth_ID) VALUES (26, 'SkyNet', 'Education', 'Maple Avenue', 6);
INSERT INTO COMPANY (company_ID, Name, sector, Street, booth_ID) VALUES (27, 'TechNova', 'Finance', 'Maple Avenue', 8);
INSERT INTO COMPANY (company_ID, Name, sector, Street, booth_ID) VALUES (28, 'SkyNet', 'Finance', '5th Avenue', 2);
INSERT INTO COMPANY (company_ID, Name, sector, Street, booth_ID) VALUES (29, 'Finverse', 'Healthcare', 'River Road', 8);
INSERT INTO COMPANY (company_ID, Name, sector, Street, booth_ID) VALUES (30, 'FreshCart', 'Education', 'Sunset Blvd', 8);
INSERT INTO COMPANY (company_ID, Name, sector, Street, booth_ID) VALUES (31, 'GreenField', 'Education', 'Sunset Blvd', 4);
INSERT INTO COMPANY (company_ID, Name, sector, Street, booth_ID) VALUES (32, 'EcoDrive', 'Retail', 'Broadway', 8);
INSERT INTO COMPANY (company_ID, Name, sector, Street, booth_ID) VALUES (33, 'MediCorp', 'Technology', 'Maple Avenue', 2);
INSERT INTO COMPANY (company_ID, Name, sector, Street, booth_ID) VALUES (34, 'EcoDrive', 'Healthcare', '5th Avenue', 6);
INSERT INTO COMPANY (company_ID, Name, sector, Street, booth_ID) VALUES (35, 'EduGrow', 'Automobile', '5th Avenue', 9);
INSERT INTO COMPANY (company_ID, Name, sector, Street, booth_ID) VALUES (36, 'TechNova', 'Automobile', 'Elm Street', 7);
INSERT INTO COMPANY (company_ID, Name, sector, Street, booth_ID) VALUES (37, 'MediCorp', 'Construction', '5th Avenue', 8);
INSERT INTO COMPANY (company_ID, Name, sector, Street, booth_ID) VALUES (38, 'MediCorp', 'Technology', 'River Road', 4);
INSERT INTO COMPANY (company_ID, Name, sector, Street, booth_ID) VALUES (39, 'FreshCart', 'Finance', 'Sunset Blvd', 1);
INSERT INTO COMPANY (company_ID, Name, sector, Street, booth_ID) VALUES (40, 'SkyNet', 'Education', 'River Road', 2);
INSERT INTO COMPANY (company_ID, Name, sector, Street, booth_ID) VALUES (41, 'MediCorp', 'Automobile', '5th Avenue', 1);
INSERT INTO COMPANY (company_ID, Name, sector, Street, booth_ID) VALUES (42, 'BuildSmart', 'Construction', 'Maple Avenue', 5);
INSERT INTO COMPANY (company_ID, Name, sector, Street, booth_ID) VALUES (43, 'SkyNet', 'Education', '5th Avenue', 4);
INSERT INTO COMPANY (company_ID, Name, sector, Street, booth_ID) VALUES (44, 'SkyNet', 'Technology', 'Lakeview Drive', 4);
INSERT INTO COMPANY (company_ID, Name, sector, Street, booth_ID) VALUES (45, 'FreshCart', 'Education', 'Broadway', 1);
INSERT INTO COMPANY (company_ID, Name, sector, Street, booth_ID) VALUES (46, 'FreshCart', 'Retail', 'Lakeview Drive', 2);
INSERT INTO COMPANY (company_ID, Name, sector, Street, booth_ID) VALUES (47, 'TechNova', 'Retail', 'Elm Street', 7);
INSERT INTO COMPANY (company_ID, Name, sector, Street, booth_ID) VALUES (48, 'TechNova', 'Construction', 'Elm Street', 6);
INSERT INTO COMPANY (company_ID, Name, sector, Street, booth_ID) VALUES (49, 'AutoLink', 'Education', 'Maple Avenue', 9);
INSERT INTO COMPANY (company_ID, Name, sector, Street, booth_ID) VALUES (50, 'MediCorp', 'Education', 'Elm Street', 1);

select * from company

--company contact info
INSERT INTO COMPANY_Contact_No (Contact_No, company_ID) VALUES ('03668797215', 1);
INSERT INTO COMPANY_Contact_No (Contact_No, company_ID) VALUES ('03156608625', 2);
INSERT INTO COMPANY_Contact_No (Contact_No, company_ID) VALUES ('03491189155', 3);
INSERT INTO COMPANY_Contact_No (Contact_No, company_ID) VALUES ('03778944279', 4);
INSERT INTO COMPANY_Contact_No (Contact_No, company_ID) VALUES ('03530874317', 5);
INSERT INTO COMPANY_Contact_No (Contact_No, company_ID) VALUES ('03277734307', 6);
INSERT INTO COMPANY_Contact_No (Contact_No, company_ID) VALUES ('03505220605', 7);
INSERT INTO COMPANY_Contact_No (Contact_No, company_ID) VALUES ('03394587118', 8);
INSERT INTO COMPANY_Contact_No (Contact_No, company_ID) VALUES ('03686215779', 9);
INSERT INTO COMPANY_Contact_No (Contact_No, company_ID) VALUES ('03537548802', 10);
INSERT INTO COMPANY_Contact_No (Contact_No, company_ID) VALUES ('03697303393', 11);
INSERT INTO COMPANY_Contact_No (Contact_No, company_ID) VALUES ('03728193787', 12);
INSERT INTO COMPANY_Contact_No (Contact_No, company_ID) VALUES ('03831669857', 13);
INSERT INTO COMPANY_Contact_No (Contact_No, company_ID) VALUES ('03045426793', 14);
INSERT INTO COMPANY_Contact_No (Contact_No, company_ID) VALUES ('03943148122', 15);
INSERT INTO COMPANY_Contact_No (Contact_No, company_ID) VALUES ('03317830348', 16);
INSERT INTO COMPANY_Contact_No (Contact_No, company_ID) VALUES ('03499389232', 17);
INSERT INTO COMPANY_Contact_No (Contact_No, company_ID) VALUES ('03741210794', 18);
INSERT INTO COMPANY_Contact_No (Contact_No, company_ID) VALUES ('03734962420', 19);
INSERT INTO COMPANY_Contact_No (Contact_No, company_ID) VALUES ('03682073500', 20);
INSERT INTO COMPANY_Contact_No (Contact_No, company_ID) VALUES ('03858841065', 21);
INSERT INTO COMPANY_Contact_No (Contact_No, company_ID) VALUES ('03360114003', 22);
INSERT INTO COMPANY_Contact_No (Contact_No, company_ID) VALUES ('03990488881', 23);
INSERT INTO COMPANY_Contact_No (Contact_No, company_ID) VALUES ('03168576863', 24);
INSERT INTO COMPANY_Contact_No (Contact_No, company_ID) VALUES ('03968720569', 25);
INSERT INTO COMPANY_Contact_No (Contact_No, company_ID) VALUES ('03694469755', 26);
INSERT INTO COMPANY_Contact_No (Contact_No, company_ID) VALUES ('03547868230', 27);
INSERT INTO COMPANY_Contact_No (Contact_No, company_ID) VALUES ('03396607977', 28);
INSERT INTO COMPANY_Contact_No (Contact_No, company_ID) VALUES ('03171135025', 29);
INSERT INTO COMPANY_Contact_No (Contact_No, company_ID) VALUES ('03842403115', 30);
INSERT INTO COMPANY_Contact_No (Contact_No, company_ID) VALUES ('03160895175', 31);
INSERT INTO COMPANY_Contact_No (Contact_No, company_ID) VALUES ('03328245635', 32);
INSERT INTO COMPANY_Contact_No (Contact_No, company_ID) VALUES ('03812082021', 33);
INSERT INTO COMPANY_Contact_No (Contact_No, company_ID) VALUES ('03415159439', 34);
INSERT INTO COMPANY_Contact_No (Contact_No, company_ID) VALUES ('03798742753', 35);
INSERT INTO COMPANY_Contact_No (Contact_No, company_ID) VALUES ('03456973165', 36);
INSERT INTO COMPANY_Contact_No (Contact_No, company_ID) VALUES ('03871534102', 37);
INSERT INTO COMPANY_Contact_No (Contact_No, company_ID) VALUES ('03599005313', 38);
INSERT INTO COMPANY_Contact_No (Contact_No, company_ID) VALUES ('03693173403', 39);
INSERT INTO COMPANY_Contact_No (Contact_No, company_ID) VALUES ('03714807518', 40);
INSERT INTO COMPANY_Contact_No (Contact_No, company_ID) VALUES ('03434822823', 41);
INSERT INTO COMPANY_Contact_No (Contact_No, company_ID) VALUES ('03270772629', 42);
INSERT INTO COMPANY_Contact_No (Contact_No, company_ID) VALUES ('03219998333', 43);
INSERT INTO COMPANY_Contact_No (Contact_No, company_ID) VALUES ('03863729913', 44);
INSERT INTO COMPANY_Contact_No (Contact_No, company_ID) VALUES ('03173682778', 45);
INSERT INTO COMPANY_Contact_No (Contact_No, company_ID) VALUES ('03791266673', 46);
INSERT INTO COMPANY_Contact_No (Contact_No, company_ID) VALUES ('03504394091', 47);
INSERT INTO COMPANY_Contact_No (Contact_No, company_ID) VALUES ('03948993281', 48);
INSERT INTO COMPANY_Contact_No (Contact_No, company_ID) VALUES ('03289556529', 49);
INSERT INTO COMPANY_Contact_No (Contact_No, company_ID) VALUES ('03616522666', 50);

select * from COMPANY_Contact_No

--participation
INSERT INTO PARTICIPATION (eventID, company_ID) VALUES (6, 1);
INSERT INTO PARTICIPATION (eventID, company_ID) VALUES (7, 1);
INSERT INTO PARTICIPATION (eventID, company_ID) VALUES (3, 2);
INSERT INTO PARTICIPATION (eventID, company_ID) VALUES (1, 2);
INSERT INTO PARTICIPATION (eventID, company_ID) VALUES (9, 2);
INSERT INTO PARTICIPATION (eventID, company_ID) VALUES (2, 3);
INSERT INTO PARTICIPATION (eventID, company_ID) VALUES (3, 3);
INSERT INTO PARTICIPATION (eventID, company_ID) VALUES (1, 4);
INSERT INTO PARTICIPATION (eventID, company_ID) VALUES (2, 5);
INSERT INTO PARTICIPATION (eventID, company_ID) VALUES (9, 6);
INSERT INTO PARTICIPATION (eventID, company_ID) VALUES (4, 7);
INSERT INTO PARTICIPATION (eventID, company_ID) VALUES (1, 7);
INSERT INTO PARTICIPATION (eventID, company_ID) VALUES (6, 7);
INSERT INTO PARTICIPATION (eventID, company_ID) VALUES (3, 8);
INSERT INTO PARTICIPATION (eventID, company_ID) VALUES (9, 9);
INSERT INTO PARTICIPATION (eventID, company_ID) VALUES (2, 9);
INSERT INTO PARTICIPATION (eventID, company_ID) VALUES (8, 9);
INSERT INTO PARTICIPATION (eventID, company_ID) VALUES (2, 10);
INSERT INTO PARTICIPATION (eventID, company_ID) VALUES (8, 10);
INSERT INTO PARTICIPATION (eventID, company_ID) VALUES (6, 10);
INSERT INTO PARTICIPATION (eventID, company_ID) VALUES (4, 11);
INSERT INTO PARTICIPATION (eventID, company_ID) VALUES (5, 11);
INSERT INTO PARTICIPATION (eventID, company_ID) VALUES (9, 11);
INSERT INTO PARTICIPATION (eventID, company_ID) VALUES (7, 12);
INSERT INTO PARTICIPATION (eventID, company_ID) VALUES (8, 12);
INSERT INTO PARTICIPATION (eventID, company_ID) VALUES (9, 13);
INSERT INTO PARTICIPATION (eventID, company_ID) VALUES (8, 13);
INSERT INTO PARTICIPATION (eventID, company_ID) VALUES (6, 13);
INSERT INTO PARTICIPATION (eventID, company_ID) VALUES (3, 14);
INSERT INTO PARTICIPATION (eventID, company_ID) VALUES (4, 14);
INSERT INTO PARTICIPATION (eventID, company_ID) VALUES (2, 14);
INSERT INTO PARTICIPATION (eventID, company_ID) VALUES (4, 15);
INSERT INTO PARTICIPATION (eventID, company_ID) VALUES (1, 16);
INSERT INTO PARTICIPATION (eventID, company_ID) VALUES (1, 17);
INSERT INTO PARTICIPATION (eventID, company_ID) VALUES (8, 17);
INSERT INTO PARTICIPATION (eventID, company_ID) VALUES (1, 18);
INSERT INTO PARTICIPATION (eventID, company_ID) VALUES (4, 18);
INSERT INTO PARTICIPATION (eventID, company_ID) VALUES (8, 18);
INSERT INTO PARTICIPATION (eventID, company_ID) VALUES (1, 19);
INSERT INTO PARTICIPATION (eventID, company_ID) VALUES (4, 19);
INSERT INTO PARTICIPATION (eventID, company_ID) VALUES (9, 19);
INSERT INTO PARTICIPATION (eventID, company_ID) VALUES (3, 20);
INSERT INTO PARTICIPATION (eventID, company_ID) VALUES (4, 20);
INSERT INTO PARTICIPATION (eventID, company_ID) VALUES (3, 21);
INSERT INTO PARTICIPATION (eventID, company_ID) VALUES (4, 22);
INSERT INTO PARTICIPATION (eventID, company_ID) VALUES (8, 23);
INSERT INTO PARTICIPATION (eventID, company_ID) VALUES (1, 23);
INSERT INTO PARTICIPATION (eventID, company_ID) VALUES (2, 24);
INSERT INTO PARTICIPATION (eventID, company_ID) VALUES (9, 24);
INSERT INTO PARTICIPATION (eventID, company_ID) VALUES (8, 24);
INSERT INTO PARTICIPATION (eventID, company_ID) VALUES (3, 25);
INSERT INTO PARTICIPATION (eventID, company_ID) VALUES (9, 25);
INSERT INTO PARTICIPATION (eventID, company_ID) VALUES (4, 26);
INSERT INTO PARTICIPATION (eventID, company_ID) VALUES (5, 27);
INSERT INTO PARTICIPATION (eventID, company_ID) VALUES (2, 27);
INSERT INTO PARTICIPATION (eventID, company_ID) VALUES (3, 27);
INSERT INTO PARTICIPATION (eventID, company_ID) VALUES (5, 28);
INSERT INTO PARTICIPATION (eventID, company_ID) VALUES (8, 28);
INSERT INTO PARTICIPATION (eventID, company_ID) VALUES (1, 29);
INSERT INTO PARTICIPATION (eventID, company_ID) VALUES (5, 30);
INSERT INTO PARTICIPATION (eventID, company_ID) VALUES (1, 30);
INSERT INTO PARTICIPATION (eventID, company_ID) VALUES (2, 30);
INSERT INTO PARTICIPATION (eventID, company_ID) VALUES (9, 31);
INSERT INTO PARTICIPATION (eventID, company_ID) VALUES (5, 31);
INSERT INTO PARTICIPATION (eventID, company_ID) VALUES (6, 31);
INSERT INTO PARTICIPATION (eventID, company_ID) VALUES (4, 32);
INSERT INTO PARTICIPATION (eventID, company_ID) VALUES (7, 32);
INSERT INTO PARTICIPATION (eventID, company_ID) VALUES (6, 32);
INSERT INTO PARTICIPATION (eventID, company_ID) VALUES (2, 33);
INSERT INTO PARTICIPATION (eventID, company_ID) VALUES (5, 33);
INSERT INTO PARTICIPATION (eventID, company_ID) VALUES (3, 33);
INSERT INTO PARTICIPATION (eventID, company_ID) VALUES (8, 34);
INSERT INTO PARTICIPATION (eventID, company_ID) VALUES (1, 34);
INSERT INTO PARTICIPATION (eventID, company_ID) VALUES (2, 34);
INSERT INTO PARTICIPATION (eventID, company_ID) VALUES (5, 35);
INSERT INTO PARTICIPATION (eventID, company_ID) VALUES (1, 35);
INSERT INTO PARTICIPATION (eventID, company_ID) VALUES (9, 36);
INSERT INTO PARTICIPATION (eventID, company_ID) VALUES (8, 36);
INSERT INTO PARTICIPATION (eventID, company_ID) VALUES (7, 37);
INSERT INTO PARTICIPATION (eventID, company_ID) VALUES (6, 38);
INSERT INTO PARTICIPATION (eventID, company_ID) VALUES (3, 38);
INSERT INTO PARTICIPATION (eventID, company_ID) VALUES (4, 38);
INSERT INTO PARTICIPATION (eventID, company_ID) VALUES (2, 39);
INSERT INTO PARTICIPATION (eventID, company_ID) VALUES (3, 40);
INSERT INTO PARTICIPATION (eventID, company_ID) VALUES (7, 41);
INSERT INTO PARTICIPATION (eventID, company_ID) VALUES (8, 42);
INSERT INTO PARTICIPATION (eventID, company_ID) VALUES (7, 42);
INSERT INTO PARTICIPATION (eventID, company_ID) VALUES (4, 42);
INSERT INTO PARTICIPATION (eventID, company_ID) VALUES (9, 43);
INSERT INTO PARTICIPATION (eventID, company_ID) VALUES (4, 43);
INSERT INTO PARTICIPATION (eventID, company_ID) VALUES (2, 43);
INSERT INTO PARTICIPATION (eventID, company_ID) VALUES (3, 44);
INSERT INTO PARTICIPATION (eventID, company_ID) VALUES (4, 44);
INSERT INTO PARTICIPATION (eventID, company_ID) VALUES (5, 44);
INSERT INTO PARTICIPATION (eventID, company_ID) VALUES (1, 45);
INSERT INTO PARTICIPATION (eventID, company_ID) VALUES (7, 45);
INSERT INTO PARTICIPATION (eventID, company_ID) VALUES (7, 46);
INSERT INTO PARTICIPATION (eventID, company_ID) VALUES (8, 46);
INSERT INTO PARTICIPATION (eventID, company_ID) VALUES (3, 46);
INSERT INTO PARTICIPATION (eventID, company_ID) VALUES (9, 47);
INSERT INTO PARTICIPATION (eventID, company_ID) VALUES (3, 47);
INSERT INTO PARTICIPATION (eventID, company_ID) VALUES (3, 48);
INSERT INTO PARTICIPATION (eventID, company_ID) VALUES (4, 48);
INSERT INTO PARTICIPATION (eventID, company_ID) VALUES (5, 48);
INSERT INTO PARTICIPATION (eventID, company_ID) VALUES (5, 49);
INSERT INTO PARTICIPATION (eventID, company_ID) VALUES (2, 49);
INSERT INTO PARTICIPATION (eventID, company_ID) VALUES (9, 49);
INSERT INTO PARTICIPATION (eventID, company_ID) VALUES (6, 50);
INSERT INTO PARTICIPATION (eventID, company_ID) VALUES (7, 50);

select * from PARTICIPATION

--recruiter
INSERT INTO RECRUITER (recruiter_ID, company_ID) VALUES (11, 7);
INSERT INTO RECRUITER (recruiter_ID, company_ID) VALUES (16, 5);
INSERT INTO RECRUITER (recruiter_ID, company_ID) VALUES (33, 13);
INSERT INTO RECRUITER (recruiter_ID, company_ID) VALUES (35, 41);
INSERT INTO RECRUITER (recruiter_ID, company_ID) VALUES (36, 11);
INSERT INTO RECRUITER (recruiter_ID, company_ID) VALUES (41, 48);
INSERT INTO RECRUITER (recruiter_ID, company_ID) VALUES (49, 8);
INSERT INTO RECRUITER (recruiter_ID, company_ID) VALUES (51, 4);
INSERT INTO RECRUITER (recruiter_ID, company_ID) VALUES (52, 50);
INSERT INTO RECRUITER (recruiter_ID, company_ID) VALUES (62, 35);
INSERT INTO RECRUITER (recruiter_ID, company_ID) VALUES (66, 24);
INSERT INTO RECRUITER (recruiter_ID, company_ID) VALUES (69, 43);
INSERT INTO RECRUITER (recruiter_ID, company_ID) VALUES (85, 25);
INSERT INTO RECRUITER (recruiter_ID, company_ID) VALUES (88, 18);
INSERT INTO RECRUITER (recruiter_ID, company_ID) VALUES (97, 26);





--interviews

select user_id from USERS where role='Recruiter'
select user_id from USERS where role='Student'
INSERT INTO INTERVIEWS (interview_ID, timeSlot, status, recruiter_ID, student_ID, eventID) VALUES (1, '2024-04-21 09:00:00', 'Canceled', 49, 71, 1);
INSERT INTO INTERVIEWS (interview_ID, timeSlot, status, recruiter_ID, student_ID, eventID) VALUES (2, '2024-04-21 09:15:00', 'Scheduled', 97, 21, 6);
INSERT INTO INTERVIEWS (interview_ID, timeSlot, status, recruiter_ID, student_ID, eventID) VALUES (3, '2024-04-21 09:30:00', 'Canceled', 49, 25, 4);
INSERT INTO INTERVIEWS (interview_ID, timeSlot, status, recruiter_ID, student_ID, eventID) VALUES (4, '2024-04-21 09:45:00', 'Completed', 88, 91, 9);
INSERT INTO INTERVIEWS (interview_ID, timeSlot, status, recruiter_ID, student_ID, eventID) VALUES (5, '2024-04-21 10:00:00', 'Scheduled', 33, 56, 2);
INSERT INTO INTERVIEWS (interview_ID, timeSlot, status, recruiter_ID, student_ID, eventID) VALUES (6, '2024-04-21 10:15:00', 'Completed', 88, 37, 8);
INSERT INTO INTERVIEWS (interview_ID, timeSlot, status, recruiter_ID, student_ID, eventID) VALUES (7, '2024-04-21 10:30:00', 'Completed', 35, 19, 6);
INSERT INTO INTERVIEWS (interview_ID, timeSlot, status, recruiter_ID, student_ID, eventID) VALUES (8, '2024-04-21 10:45:00', 'Completed', 97, 87, 9);
INSERT INTO INTERVIEWS (interview_ID, timeSlot, status, recruiter_ID, student_ID, eventID) VALUES (9, '2024-04-21 11:00:00', 'Canceled', 33, 79, 6);
INSERT INTO INTERVIEWS (interview_ID, timeSlot, status, recruiter_ID, student_ID, eventID) VALUES (10, '2024-04-21 11:15:00', 'Completed', 41, 43, 1);
INSERT INTO INTERVIEWS (interview_ID, timeSlot, status, recruiter_ID, student_ID, eventID) VALUES (11, '2024-04-21 11:30:00', 'Scheduled', 16, 58, 7);
INSERT INTO INTERVIEWS (interview_ID, timeSlot, status, recruiter_ID, student_ID, eventID) VALUES (12, '2024-04-21 11:45:00', 'Canceled', 16, 59, 6);
INSERT INTO INTERVIEWS (interview_ID, timeSlot, status, recruiter_ID, student_ID, eventID) VALUES (13, '2024-04-21 12:00:00', 'Canceled', 51, 27, 3);
INSERT INTO INTERVIEWS (interview_ID, timeSlot, status, recruiter_ID, student_ID, eventID) VALUES (14, '2024-04-21 12:15:00', 'Scheduled', 33, 20, 3);
INSERT INTO INTERVIEWS (interview_ID, timeSlot, status, recruiter_ID, student_ID, eventID) VALUES (15, '2024-04-21 12:30:00', 'Completed', 11, 3, 4);
INSERT INTO INTERVIEWS (interview_ID, timeSlot, status, recruiter_ID, student_ID, eventID) VALUES (16, '2024-04-21 12:45:00', 'Canceled', 49, 22, 6);
INSERT INTO INTERVIEWS (interview_ID, timeSlot, status, recruiter_ID, student_ID, eventID) VALUES (17, '2024-04-21 13:00:00', 'Completed', 35, 4, 1);
INSERT INTO INTERVIEWS (interview_ID, timeSlot, status, recruiter_ID, student_ID, eventID) VALUES (18, '2024-04-21 13:15:00', 'Scheduled', 66, 13, 7);
INSERT INTO INTERVIEWS (interview_ID, timeSlot, status, recruiter_ID, student_ID, eventID) VALUES (19, '2024-04-21 13:30:00', 'Scheduled', 62, 58, 1);
INSERT INTO INTERVIEWS (interview_ID, timeSlot, status, recruiter_ID, student_ID, eventID) VALUES (20, '2024-04-21 13:45:00', 'Scheduled', 49, 61, 9);
INSERT INTO INTERVIEWS (interview_ID, timeSlot, status, recruiter_ID, student_ID, eventID) VALUES (21, '2024-04-21 14:00:00', 'Completed', 69, 60, 8);
INSERT INTO INTERVIEWS (interview_ID, timeSlot, status, recruiter_ID, student_ID, eventID) VALUES (22, '2024-04-21 14:15:00', 'Canceled', 36, 70, 2);
INSERT INTO INTERVIEWS (interview_ID, timeSlot, status, recruiter_ID, student_ID, eventID) VALUES (23, '2024-04-21 14:30:00', 'Canceled', 97, 90, 7);
INSERT INTO INTERVIEWS (interview_ID, timeSlot, status, recruiter_ID, student_ID, eventID) VALUES (24, '2024-04-21 14:45:00', 'Scheduled', 85, 89, 3);
INSERT INTO INTERVIEWS (interview_ID, timeSlot, status, recruiter_ID, student_ID, eventID) VALUES (25, '2024-04-21 15:00:00', 'Completed', 35, 6, 3);
INSERT INTO INTERVIEWS (interview_ID, timeSlot, status, recruiter_ID, student_ID, eventID) VALUES (26, '2024-04-21 15:15:00', 'Scheduled', 97, 100, 5);
INSERT INTO INTERVIEWS (interview_ID, timeSlot, status, recruiter_ID, student_ID, eventID) VALUES (27, '2024-04-21 15:30:00', 'Canceled', 52, 47, 3);
INSERT INTO INTERVIEWS (interview_ID, timeSlot, status, recruiter_ID, student_ID, eventID) VALUES (28, '2024-04-21 15:45:00', 'Completed', 66, 15, 2);
INSERT INTO INTERVIEWS (interview_ID, timeSlot, status, recruiter_ID, student_ID, eventID) VALUES (29, '2024-04-21 16:00:00', 'Scheduled', 11, 63, 9);
INSERT INTO INTERVIEWS (interview_ID, timeSlot, status, recruiter_ID, student_ID, eventID) VALUES (30, '2024-04-21 16:15:00', 'Scheduled', 11, 84, 2);
INSERT INTO INTERVIEWS (interview_ID, timeSlot, status, recruiter_ID, student_ID, eventID) VALUES (31, '2024-04-21 16:30:00', 'Canceled', 35, 22, 6);
INSERT INTO INTERVIEWS (interview_ID, timeSlot, status, recruiter_ID, student_ID, eventID) VALUES (32, '2024-04-21 16:45:00', 'Canceled', 88, 28, 8);
INSERT INTO INTERVIEWS (interview_ID, timeSlot, status, recruiter_ID, student_ID, eventID) VALUES (33, '2024-04-21 17:00:00', 'Scheduled', 69, 27, 1);
INSERT INTO INTERVIEWS (interview_ID, timeSlot, status, recruiter_ID, student_ID, eventID) VALUES (34, '2024-04-21 17:15:00', 'Canceled', 69, 5, 1);
INSERT INTO INTERVIEWS (interview_ID, timeSlot, status, recruiter_ID, student_ID, eventID) VALUES (35, '2024-04-21 17:30:00', 'Canceled', 11, 93, 3);
INSERT INTO INTERVIEWS (interview_ID, timeSlot, status, recruiter_ID, student_ID, eventID) VALUES (36, '2024-04-21 17:45:00', 'Canceled', 52, 53, 3);
INSERT INTO INTERVIEWS (interview_ID, timeSlot, status, recruiter_ID, student_ID, eventID) VALUES (37, '2024-04-21 18:00:00', 'Canceled', 62, 73, 3);
INSERT INTO INTERVIEWS (interview_ID, timeSlot, status, recruiter_ID, student_ID, eventID) VALUES (38, '2024-04-21 18:15:00', 'Completed', 52, 22, 7);
INSERT INTO INTERVIEWS (interview_ID, timeSlot, status, recruiter_ID, student_ID, eventID) VALUES (39, '2024-04-21 18:30:00', 'Scheduled', 16, 57, 8);
INSERT INTO INTERVIEWS (interview_ID, timeSlot, status, recruiter_ID, student_ID, eventID) VALUES (40, '2024-04-21 18:45:00', 'Scheduled', 51, 28, 2);
INSERT INTO INTERVIEWS (interview_ID, timeSlot, status, recruiter_ID, student_ID, eventID) VALUES (41, '2024-04-21 19:00:00', 'Scheduled', 51, 25, 5);
INSERT INTO INTERVIEWS (interview_ID, timeSlot, status, recruiter_ID, student_ID, eventID) VALUES (42, '2024-04-21 19:15:00', 'Completed', 69, 31, 4);
INSERT INTO INTERVIEWS (interview_ID, timeSlot, status, recruiter_ID, student_ID, eventID) VALUES (43, '2024-04-21 19:30:00', 'Canceled', 66, 83, 2);
INSERT INTO INTERVIEWS (interview_ID, timeSlot, status, recruiter_ID, student_ID, eventID) VALUES (44, '2024-04-21 19:45:00', 'Scheduled', 52, 21, 1);
INSERT INTO INTERVIEWS (interview_ID, timeSlot, status, recruiter_ID, student_ID, eventID) VALUES (45, '2024-04-21 20:00:00', 'Canceled', 16, 70, 9);
INSERT INTO INTERVIEWS (interview_ID, timeSlot, status, recruiter_ID, student_ID, eventID) VALUES (46, '2024-04-21 20:15:00', 'Scheduled', 97, 5, 1);
INSERT INTO INTERVIEWS (interview_ID, timeSlot, status, recruiter_ID, student_ID, eventID) VALUES (47, '2024-04-21 20:30:00', 'Canceled', 51, 20, 3);
INSERT INTO INTERVIEWS (interview_ID, timeSlot, status, recruiter_ID, student_ID, eventID) VALUES (48, '2024-04-21 20:45:00', 'Canceled', 33, 38, 3);
INSERT INTO INTERVIEWS (interview_ID, timeSlot, status, recruiter_ID, student_ID, eventID) VALUES (49, '2024-04-21 21:00:00', 'Scheduled', 35, 44, 6);
INSERT INTO INTERVIEWS (interview_ID, timeSlot, status, recruiter_ID, student_ID, eventID) VALUES (50, '2024-04-21 21:15:00', 'Canceled', 49, 23, 9);
INSERT INTO INTERVIEWS (interview_ID, timeSlot, status, recruiter_ID, student_ID, eventID) VALUES (51, '2024-04-21 21:30:00', 'Completed', 52, 72, 6);
INSERT INTO INTERVIEWS (interview_ID, timeSlot, status, recruiter_ID, student_ID, eventID) VALUES (52, '2024-04-21 21:45:00', 'Completed', 33, 10, 5);
INSERT INTO INTERVIEWS (interview_ID, timeSlot, status, recruiter_ID, student_ID, eventID) VALUES (53, '2024-04-21 22:00:00', 'Canceled', 35, 8, 5);
INSERT INTO INTERVIEWS (interview_ID, timeSlot, status, recruiter_ID, student_ID, eventID) VALUES (54, '2024-04-21 22:15:00', 'Canceled', 66, 26, 9);
INSERT INTO INTERVIEWS (interview_ID, timeSlot, status, recruiter_ID, student_ID, eventID) VALUES (55, '2024-04-21 22:30:00', 'Scheduled', 35, 55, 3);
INSERT INTO INTERVIEWS (interview_ID, timeSlot, status, recruiter_ID, student_ID, eventID) VALUES (56, '2024-04-21 22:45:00', 'Scheduled', 88, 27, 6);
INSERT INTO INTERVIEWS (interview_ID, timeSlot, status, recruiter_ID, student_ID, eventID) VALUES (57, '2024-04-21 23:00:00', 'Scheduled', 33, 91, 1);
INSERT INTO INTERVIEWS (interview_ID, timeSlot, status, recruiter_ID, student_ID, eventID) VALUES (58, '2024-04-21 23:15:00', 'Completed', 16, 13, 3);
INSERT INTO INTERVIEWS (interview_ID, timeSlot, status, recruiter_ID, student_ID, eventID) VALUES (59, '2024-04-21 23:30:00', 'Canceled', 69, 47, 3);
INSERT INTO INTERVIEWS (interview_ID, timeSlot, status, recruiter_ID, student_ID, eventID) VALUES (60, '2024-04-21 23:45:00', 'Scheduled', 88, 53, 6);
INSERT INTO INTERVIEWS (interview_ID, timeSlot, status, recruiter_ID, student_ID, eventID) VALUES (61, '2024-04-22 00:00:00', 'Canceled', 88, 65, 5);
INSERT INTO INTERVIEWS (interview_ID, timeSlot, status, recruiter_ID, student_ID, eventID) VALUES (62, '2024-04-22 00:15:00', 'Scheduled', 66, 55, 4);
INSERT INTO INTERVIEWS (interview_ID, timeSlot, status, recruiter_ID, student_ID, eventID) VALUES (63, '2024-04-22 00:30:00', 'Scheduled', 11, 98, 4);
INSERT INTO INTERVIEWS (interview_ID, timeSlot, status, recruiter_ID, student_ID, eventID) VALUES (64, '2024-04-22 00:45:00', 'Completed', 69, 76, 8);
INSERT INTO INTERVIEWS (interview_ID, timeSlot, status, recruiter_ID, student_ID, eventID) VALUES (65, '2024-04-22 01:00:00', 'Scheduled', 85, 61, 9);
INSERT INTO INTERVIEWS (interview_ID, timeSlot, status, recruiter_ID, student_ID, eventID) VALUES (66, '2024-04-22 01:15:00', 'Canceled', 69, 86, 1);
INSERT INTO INTERVIEWS (interview_ID, timeSlot, status, recruiter_ID, student_ID, eventID) VALUES (67, '2024-04-22 01:30:00', 'Canceled', 85, 3, 7);
INSERT INTO INTERVIEWS (interview_ID, timeSlot, status, recruiter_ID, student_ID, eventID) VALUES (68, '2024-04-22 01:45:00', 'Completed', 88, 56, 4);
INSERT INTO INTERVIEWS (interview_ID, timeSlot, status, recruiter_ID, student_ID, eventID) VALUES (69, '2024-04-22 02:00:00', 'Scheduled', 33, 72, 8);
INSERT INTO INTERVIEWS (interview_ID, timeSlot, status, recruiter_ID, student_ID, eventID) VALUES (70, '2024-04-22 02:15:00', 'Scheduled', 49, 50, 1);
INSERT INTO INTERVIEWS (interview_ID, timeSlot, status, recruiter_ID, student_ID, eventID) VALUES (71, '2024-04-22 02:30:00', 'Completed', 41, 95, 8);
INSERT INTO INTERVIEWS (interview_ID, timeSlot, status, recruiter_ID, student_ID, eventID) VALUES (72, '2024-04-22 02:45:00', 'Scheduled', 85, 59, 9);
INSERT INTO INTERVIEWS (interview_ID, timeSlot, status, recruiter_ID, student_ID, eventID) VALUES (73, '2024-04-22 03:00:00', 'Scheduled', 36, 45, 7);
INSERT INTO INTERVIEWS (interview_ID, timeSlot, status, recruiter_ID, student_ID, eventID) VALUES (74, '2024-04-22 03:15:00', 'Scheduled', 66, 46, 6);
INSERT INTO INTERVIEWS (interview_ID, timeSlot, status, recruiter_ID, student_ID, eventID) VALUES (75, '2024-04-22 03:30:00', 'Completed', 85, 90, 5);
INSERT INTO INTERVIEWS (interview_ID, timeSlot, status, recruiter_ID, student_ID, eventID) VALUES (76, '2024-04-22 03:45:00', 'Completed', 11, 29, 3);
INSERT INTO INTERVIEWS (interview_ID, timeSlot, status, recruiter_ID, student_ID, eventID) VALUES (77, '2024-04-22 04:00:00', 'Canceled', 49, 93, 8);
INSERT INTO INTERVIEWS (interview_ID, timeSlot, status, recruiter_ID, student_ID, eventID) VALUES (78, '2024-04-22 04:15:00', 'Canceled', 52, 45, 8);
INSERT INTO INTERVIEWS (interview_ID, timeSlot, status, recruiter_ID, student_ID, eventID) VALUES (79, '2024-04-22 04:30:00', 'Scheduled', 36, 89, 8);
INSERT INTO INTERVIEWS (interview_ID, timeSlot, status, recruiter_ID, student_ID, eventID) VALUES (80, '2024-04-22 04:45:00', 'Canceled', 66, 87, 2);
INSERT INTO INTERVIEWS (interview_ID, timeSlot, status, recruiter_ID, student_ID, eventID) VALUES (81, '2024-04-22 05:00:00', 'Scheduled', 11, 31, 3);
INSERT INTO INTERVIEWS (interview_ID, timeSlot, status, recruiter_ID, student_ID, eventID) VALUES (82, '2024-04-22 05:15:00', 'Scheduled', 35, 76, 2);
INSERT INTO INTERVIEWS (interview_ID, timeSlot, status, recruiter_ID, student_ID, eventID) VALUES (83, '2024-04-22 05:30:00', 'Canceled', 36, 98, 1);
INSERT INTO INTERVIEWS (interview_ID, timeSlot, status, recruiter_ID, student_ID, eventID) VALUES (84, '2024-04-22 05:45:00', 'Completed', 11, 84, 4);
INSERT INTO INTERVIEWS (interview_ID, timeSlot, status, recruiter_ID, student_ID, eventID) VALUES (85, '2024-04-22 06:00:00', 'Canceled', 36, 90, 6);
INSERT INTO INTERVIEWS (interview_ID, timeSlot, status, recruiter_ID, student_ID, eventID) VALUES (86, '2024-04-22 06:15:00', 'Canceled', 62, 83, 8);
INSERT INTO INTERVIEWS (interview_ID, timeSlot, status, recruiter_ID, student_ID, eventID) VALUES (87, '2024-04-22 06:30:00', 'Completed', 66, 32, 4);
INSERT INTO INTERVIEWS (interview_ID, timeSlot, status, recruiter_ID, student_ID, eventID) VALUES (88, '2024-04-22 06:45:00', 'Completed', 66, 75, 7);
INSERT INTO INTERVIEWS (interview_ID, timeSlot, status, recruiter_ID, student_ID, eventID) VALUES (89, '2024-04-22 07:00:00', 'Canceled', 11, 100, 9);
INSERT INTO INTERVIEWS (interview_ID, timeSlot, status, recruiter_ID, student_ID, eventID) VALUES (90, '2024-04-22 07:15:00', 'Scheduled', 85, 48, 3);
INSERT INTO INTERVIEWS (interview_ID, timeSlot, status, recruiter_ID, student_ID, eventID) VALUES (91, '2024-04-22 07:30:00', 'Completed', 11, 43, 6);
INSERT INTO INTERVIEWS (interview_ID, timeSlot, status, recruiter_ID, student_ID, eventID) VALUES (92, '2024-04-22 07:45:00', 'Scheduled', 69, 42, 6);
INSERT INTO INTERVIEWS (interview_ID, timeSlot, status, recruiter_ID, student_ID, eventID) VALUES (93, '2024-04-22 08:00:00', 'Canceled', 35, 91, 1);
INSERT INTO INTERVIEWS (interview_ID, timeSlot, status, recruiter_ID, student_ID, eventID) VALUES (94, '2024-04-22 08:15:00', 'Canceled', 49, 90, 3);
INSERT INTO INTERVIEWS (interview_ID, timeSlot, status, recruiter_ID, student_ID, eventID) VALUES (95, '2024-04-22 08:30:00', 'Canceled', 16, 76, 8);
INSERT INTO INTERVIEWS (interview_ID, timeSlot, status, recruiter_ID, student_ID, eventID) VALUES (96, '2024-04-22 08:45:00', 'Scheduled', 36, 59, 5);
INSERT INTO INTERVIEWS (interview_ID, timeSlot, status, recruiter_ID, student_ID, eventID) VALUES (97, '2024-04-22 09:00:00', 'Canceled', 36, 84, 2);
INSERT INTO INTERVIEWS (interview_ID, timeSlot, status, recruiter_ID, student_ID, eventID) VALUES (98, '2024-04-22 09:15:00', 'Canceled', 41, 79, 6);
INSERT INTO INTERVIEWS (interview_ID, timeSlot, status, recruiter_ID, student_ID, eventID) VALUES (99, '2024-04-22 09:30:00', 'Canceled', 85, 55, 2);
INSERT INTO INTERVIEWS (interview_ID, timeSlot, status, recruiter_ID, student_ID, eventID) VALUES (100, '2024-04-22 09:45:00', 'Canceled', 41, 65, 3);

select * from INTERVIEWS


select interview_ID,student_ID from INTERVIEWS where status='Completed'
--rating
INSERT INTO REVIEW (review_ID, rating, student_ID, interview_ID) VALUES (1, 4, 91, 4);
INSERT INTO REVIEW (review_ID, rating, student_ID, interview_ID) VALUES (2, 3, 37, 6);
INSERT INTO REVIEW (review_ID, rating, student_ID, interview_ID) VALUES (3, 1, 19, 7);
INSERT INTO REVIEW (review_ID, rating, student_ID, interview_ID) VALUES (4, 4, 87, 8);
INSERT INTO REVIEW (review_ID, rating, student_ID, interview_ID) VALUES (5, 5, 43, 10);
INSERT INTO REVIEW (review_ID, rating, student_ID, interview_ID) VALUES (6, 2, 3, 15);
INSERT INTO REVIEW (review_ID, rating, student_ID, interview_ID) VALUES (7, 1, 4, 17);
INSERT INTO REVIEW (review_ID, rating, student_ID, interview_ID) VALUES (8, 4, 60, 21);
INSERT INTO REVIEW (review_ID, rating, student_ID, interview_ID) VALUES (9, 4, 6, 25);
INSERT INTO REVIEW (review_ID, rating, student_ID, interview_ID) VALUES (10, 1, 15, 28);
INSERT INTO REVIEW (review_ID, rating, student_ID, interview_ID) VALUES (11, 3, 22, 38);
INSERT INTO REVIEW (review_ID, rating, student_ID, interview_ID) VALUES (12, 5, 31, 42);
INSERT INTO REVIEW (review_ID, rating, student_ID, interview_ID) VALUES (13, 1, 72, 51);
INSERT INTO REVIEW (review_ID, rating, student_ID, interview_ID) VALUES (14, 5, 10, 52);
INSERT INTO REVIEW (review_ID, rating, student_ID, interview_ID) VALUES (15, 5, 13, 58);
INSERT INTO REVIEW (review_ID, rating, student_ID, interview_ID) VALUES (16, 3, 76, 64);
INSERT INTO REVIEW (review_ID, rating, student_ID, interview_ID) VALUES (17, 5, 56, 68);
INSERT INTO REVIEW (review_ID, rating, student_ID, interview_ID) VALUES (18, 5, 95, 71);
INSERT INTO REVIEW (review_ID, rating, student_ID, interview_ID) VALUES (19, 5, 90, 75);
INSERT INTO REVIEW (review_ID, rating, student_ID, interview_ID) VALUES (20, 3, 29, 76);
INSERT INTO REVIEW (review_ID, rating, student_ID, interview_ID) VALUES (21, 3, 84, 84);
INSERT INTO REVIEW (review_ID, rating, student_ID, interview_ID) VALUES (22, 3, 32, 87);
INSERT INTO REVIEW (review_ID, rating, student_ID, interview_ID) VALUES (23, 4, 75, 88);
INSERT INTO REVIEW (review_ID, rating, student_ID, interview_ID) VALUES (24, 2, 43, 91);

select * from REVIEW

--review comments
INSERT INTO REVIEW_comments (comments, review_ID) VALUES ('Had a good grasp on the subject matter.', 1);
INSERT INTO REVIEW_comments (comments, review_ID) VALUES ('The candidate was a bit nervous.', 2);
INSERT INTO REVIEW_comments (comments, review_ID) VALUES ('Very articulate and clear in explanations.', 3);
INSERT INTO REVIEW_comments (comments, review_ID) VALUES ('Great performance during the interview!', 4);
INSERT INTO REVIEW_comments (comments, review_ID) VALUES ('The candidate was a good fit for the role.', 5);
INSERT INTO REVIEW_comments (comments, review_ID) VALUES ('The candidate was a good fit for the role.', 6);
INSERT INTO REVIEW_comments (comments, review_ID) VALUES ('Could not handle stress well during the interview.', 7);
INSERT INTO REVIEW_comments (comments, review_ID) VALUES ('Great performance during the interview!', 8);
INSERT INTO REVIEW_comments (comments, review_ID) VALUES ('Impressive background and experience.', 9);
INSERT INTO REVIEW_comments (comments, review_ID) VALUES ('Had a good grasp on the subject matter.', 10);
INSERT INTO REVIEW_comments (comments, review_ID) VALUES ('The interview was well-conducted.', 11);
INSERT INTO REVIEW_comments (comments, review_ID) VALUES ('Good understanding of the subject.', 12);
INSERT INTO REVIEW_comments (comments, review_ID) VALUES ('The candidate was well-prepared.', 13);
INSERT INTO REVIEW_comments (comments, review_ID) VALUES ('Needs improvement in communication.', 14);
INSERT INTO REVIEW_comments (comments, review_ID) VALUES ('Could improve on leadership qualities.', 15);
INSERT INTO REVIEW_comments (comments, review_ID) VALUES ('Showed good enthusiasm but lacked experience.', 16);
INSERT INTO REVIEW_comments (comments, review_ID) VALUES ('Had a good grasp on the subject matter.', 17);
INSERT INTO REVIEW_comments (comments, review_ID) VALUES ('Very motivated and eager to learn.', 18);
INSERT INTO REVIEW_comments (comments, review_ID) VALUES ('The candidate was not confident enough.', 19);
INSERT INTO REVIEW_comments (comments, review_ID) VALUES ('Very articulate and clear in explanations.', 20);
INSERT INTO REVIEW_comments (comments, review_ID) VALUES ('Could improve on leadership qualities.', 21);
INSERT INTO REVIEW_comments (comments, review_ID) VALUES ('Needs improvement in communication.', 22);
INSERT INTO REVIEW_comments (comments, review_ID) VALUES ('The candidate was a good fit for the role.', 23);
INSERT INTO REVIEW_comments (comments, review_ID) VALUES ('Very motivated and eager to learn.', 24);

select * from REVIEW_comments

--job posting
select company_id from COMPANY
INSERT INTO JOB_POSTING (job_ID, description, salary_Range, location_Preferences, Title, deadline, job_type, company_ID, recruiter_ID) VALUES (1, 'Create and execute marketing strategies for brand growth.', 'Rs.100,000 - Rs.130,000', 'Miami', 'HR Manager', '2025-06-18', 'Full-Time', 24, 36);
INSERT INTO JOB_POSTING (job_ID, description, salary_Range, location_Preferences, Title, deadline, job_type, company_ID, recruiter_ID) VALUES (2, 'Responsible for software development and maintenance.', 'Rs.70,000 - Rs.100,000', 'Chicago', 'Product Manager', '2025-06-14', 'Full-Time', 10, 16);
INSERT INTO JOB_POSTING (job_ID, description, salary_Range, location_Preferences, Title, deadline, job_type, company_ID, recruiter_ID) VALUES (3, 'Develop and maintain websites and web applications.', 'Rs.50,000 - Rs.70,000', 'Dallas', 'HR Manager', '2025-05-26', 'Internship', 7, 52);
INSERT INTO JOB_POSTING (job_ID, description, salary_Range, location_Preferences, Title, deadline, job_type, company_ID, recruiter_ID) VALUES (4, 'Oversee HR functions including recruitment and employee relations.', 'Rs.50,000 - Rs.80,000', 'Miami', 'UI Developer', '2025-05-06', 'Internship', 9, 35);
INSERT INTO JOB_POSTING (job_ID, description, salary_Range, location_Preferences, Title, deadline, job_type, company_ID, recruiter_ID) VALUES (5, 'Oversee HR functions including recruitment and employee relations.', 'Rs.50,000 - Rs.80,000', 'Seattle', 'Software Engineer', '2025-05-22', 'Internship', 19, 49);
INSERT INTO JOB_POSTING (job_ID, description, salary_Range, location_Preferences, Title, deadline, job_type, company_ID, recruiter_ID) VALUES (6, 'Analyze financial data to help the company make informed decisions.', 'Rs.60,000 - Rs.90,000', 'Seattle', 'Software Engineer', '2025-06-18', 'Full-Time', 10, 85);
INSERT INTO JOB_POSTING (job_ID, description, salary_Range, location_Preferences, Title, deadline, job_type, company_ID, recruiter_ID) VALUES (7, 'Manage cloud infrastructure and deployments.', 'Rs.70,000 - Rs.100,000', 'New York', 'Sales Executive', '2025-06-17', 'Internship', 33, 97);
INSERT INTO JOB_POSTING (job_ID, description, salary_Range, location_Preferences, Title, deadline, job_type, company_ID, recruiter_ID) VALUES (8, 'Analyze financial data to help the company make informed decisions.', 'Rs.30,000 - Rs.50,000', 'San Francisco', 'UI Developer', '2025-05-23', 'Full-Time', 8, 51);
INSERT INTO JOB_POSTING (job_ID, description, salary_Range, location_Preferences, Title, deadline, job_type, company_ID, recruiter_ID) VALUES (9, 'Oversee HR functions including recruitment and employee relations.', 'Rs.40,000 - Rs.60,000', 'New York', 'Project Manager', '2025-05-06', 'Internship', 8, 11);
INSERT INTO JOB_POSTING (job_ID, description, salary_Range, location_Preferences, Title, deadline, job_type, company_ID, recruiter_ID) VALUES (10, 'Manage projects and coordinate between different teams.', 'Rs.30,000 - Rs.50,000', 'San Francisco', 'HR Manager', '2025-06-13', 'Internship', 26, 51);
INSERT INTO JOB_POSTING (job_ID, description, salary_Range, location_Preferences, Title, deadline, job_type, company_ID, recruiter_ID) VALUES (11, 'Develop and maintain websites and web applications.', 'Rs.50,000 - Rs.70,000', 'Chicago', 'HR Manager', '2025-05-12', 'Full-Time', 48, 16);
INSERT INTO JOB_POSTING (job_ID, description, salary_Range, location_Preferences, Title, deadline, job_type, company_ID, recruiter_ID) VALUES (12, 'Design and develop interactive user interfaces.', 'Rs.80,000 - Rs.120,000', 'Denver', 'HR Manager', '2025-05-28', 'Full-Time', 24, 49);
INSERT INTO JOB_POSTING (job_ID, description, salary_Range, location_Preferences, Title, deadline, job_type, company_ID, recruiter_ID) VALUES (13, 'Design intuitive user interfaces for web applications.', 'Rs.100,000 - Rs.130,000', 'Dallas', 'HR Manager', '2025-05-19', 'Internship', 10, 49);
INSERT INTO JOB_POSTING (job_ID, description, salary_Range, location_Preferences, Title, deadline, job_type, company_ID, recruiter_ID) VALUES (14, 'Create and execute marketing strategies for brand growth.', 'Rs.50,000 - Rs.80,000', 'San Francisco', 'Project Manager', '2025-05-13', 'Full-Time', 39, 33);
INSERT INTO JOB_POSTING (job_ID, description, salary_Range, location_Preferences, Title, deadline, job_type, company_ID, recruiter_ID) VALUES (15, 'Handle sales processes and client relationships.', 'Rs.30,000 - Rs.50,000', 'Austin', 'HR Manager', '2025-06-14', 'Full-Time', 2, 69);
INSERT INTO JOB_POSTING (job_ID, description, salary_Range, location_Preferences, Title, deadline, job_type, company_ID, recruiter_ID) VALUES (16, 'Manage projects and coordinate between different teams.', 'Rs.40,000 - Rs.60,000', 'Denver', 'Data Scientist', '2025-06-19', 'Internship', 8, 41);
INSERT INTO JOB_POSTING (job_ID, description, salary_Range, location_Preferences, Title, deadline, job_type, company_ID, recruiter_ID) VALUES (17, 'Oversee HR functions including recruitment and employee relations.', 'Rs.60,000 - Rs.90,000', 'Denver', 'Web Developer', '2025-06-09', 'Internship', 50, 51);
INSERT INTO JOB_POSTING (job_ID, description, salary_Range, location_Preferences, Title, deadline, job_type, company_ID, recruiter_ID) VALUES (18, 'Design and develop interactive user interfaces.', 'Rs.100,000 - Rs.130,000', 'Chicago', 'Software Engineer', '2025-06-10', 'Internship', 46, 66);
INSERT INTO JOB_POSTING (job_ID, description, salary_Range, location_Preferences, Title, deadline, job_type, company_ID, recruiter_ID) VALUES (19, 'Handle sales processes and client relationships.', 'Rs.60,000 - Rs.90,000', 'New York', 'Software Engineer', '2025-05-01', 'Internship', 11, 97);
INSERT INTO JOB_POSTING (job_ID, description, salary_Range, location_Preferences, Title, deadline, job_type, company_ID, recruiter_ID) VALUES (20, 'Design and develop interactive user interfaces.', 'Rs.30,000 - Rs.50,000', 'Austin', 'HR Manager', '2025-04-24', 'Internship', 38, 33);
INSERT INTO JOB_POSTING (job_ID, description, salary_Range, location_Preferences, Title, deadline, job_type, company_ID, recruiter_ID) VALUES (21, 'Design intuitive user interfaces for web applications.', 'Rs.40,000 - Rs.60,000', 'Austin', 'Web Developer', '2025-04-22', 'Full-Time', 23, 51);
INSERT INTO JOB_POSTING (job_ID, description, salary_Range, location_Preferences, Title, deadline, job_type, company_ID, recruiter_ID) VALUES (22, 'Analyze data to extract insights and support decision-making.', 'Rs.50,000 - Rs.70,000', 'Seattle', 'Financial Analyst', '2025-05-09', 'Internship', 44, 66);
INSERT INTO JOB_POSTING (job_ID, description, salary_Range, location_Preferences, Title, deadline, job_type, company_ID, recruiter_ID) VALUES (23, 'Analyze data to extract insights and support decision-making.', 'Rs.30,000 - Rs.50,000', 'Seattle', 'Product Manager', '2025-05-23', 'Internship', 32, 51);
INSERT INTO JOB_POSTING (job_ID, description, salary_Range, location_Preferences, Title, deadline, job_type, company_ID, recruiter_ID) VALUES (24, 'Manage projects and coordinate between different teams.', 'Rs.80,000 - Rs.120,000', 'Dallas', 'Marketing Manager', '2025-05-14', 'Full-Time', 49, 88);
INSERT INTO JOB_POSTING (job_ID, description, salary_Range, location_Preferences, Title, deadline, job_type, company_ID, recruiter_ID) VALUES (25, 'Design intuitive user interfaces for web applications.', 'Rs.100,000 - Rs.130,000', 'Boston', 'UX Designer', '2025-05-05', 'Internship', 49, 16);
INSERT INTO JOB_POSTING (job_ID, description, salary_Range, location_Preferences, Title, deadline, job_type, company_ID, recruiter_ID) VALUES (26, 'Design and develop interactive user interfaces.', 'Rs.60,000 - Rs.90,000', 'Boston', 'Sales Executive', '2025-06-07', 'Full-Time', 22, 62);
INSERT INTO JOB_POSTING (job_ID, description, salary_Range, location_Preferences, Title, deadline, job_type, company_ID, recruiter_ID) VALUES (27, 'Analyze financial data to help the company make informed decisions.', 'Rs.60,000 - Rs.90,000', 'Los Angeles', 'Data Scientist', '2025-05-21', 'Internship', 15, 52);
INSERT INTO JOB_POSTING (job_ID, description, salary_Range, location_Preferences, Title, deadline, job_type, company_ID, recruiter_ID) VALUES (28, 'Create and execute marketing strategies for brand growth.', 'Rs.70,000 - Rs.100,000', 'San Francisco', 'Web Developer', '2025-05-10', 'Internship', 35, 52);
INSERT INTO JOB_POSTING (job_ID, description, salary_Range, location_Preferences, Title, deadline, job_type, company_ID, recruiter_ID) VALUES (29, 'Handle sales processes and client relationships.', 'Rs.50,000 - Rs.70,000', 'New York', 'Financial Analyst', '2025-04-23', 'Full-Time', 32, 11);
INSERT INTO JOB_POSTING (job_ID, description, salary_Range, location_Preferences, Title, deadline, job_type, company_ID, recruiter_ID) VALUES (30, 'Manage projects and coordinate between different teams.', 'Rs.70,000 - Rs.100,000', 'Seattle', 'Web Developer', '2025-05-19', 'Full-Time', 7, 97);
INSERT INTO JOB_POSTING (job_ID, description, salary_Range, location_Preferences, Title, deadline, job_type, company_ID, recruiter_ID) VALUES (31, 'Design and develop interactive user interfaces.', 'Rs.100,000 - Rs.130,000', 'New York', 'Web Developer', '2025-06-01', 'Internship', 38, 36);
INSERT INTO JOB_POSTING (job_ID, description, salary_Range, location_Preferences, Title, deadline, job_type, company_ID, recruiter_ID) VALUES (32, 'Analyze financial data to help the company make informed decisions.', 'Rs.100,000 - Rs.130,000', 'Los Angeles', 'Web Developer', '2025-05-23', 'Internship', 22, 62);
INSERT INTO JOB_POSTING (job_ID, description, salary_Range, location_Preferences, Title, deadline, job_type, company_ID, recruiter_ID) VALUES (33, 'Design and develop interactive user interfaces.', 'Rs.70,000 - Rs.100,000', 'New York', 'Financial Analyst', '2025-06-05', 'Internship', 2, 69);
INSERT INTO JOB_POSTING (job_ID, description, salary_Range, location_Preferences, Title, deadline, job_type, company_ID, recruiter_ID) VALUES (34, 'Create and execute marketing strategies for brand growth.', 'Rs.70,000 - Rs.100,000', 'Austin', 'UX Designer', '2025-06-01', 'Internship', 5, 36);
INSERT INTO JOB_POSTING (job_ID, description, salary_Range, location_Preferences, Title, deadline, job_type, company_ID, recruiter_ID) VALUES (35, 'Manage product lifecycle from inception to launch.', 'Rs.100,000 - Rs.130,000', 'Austin', 'Sales Executive', '2025-05-01', 'Internship', 35, 52);
INSERT INTO JOB_POSTING (job_ID, description, salary_Range, location_Preferences, Title, deadline, job_type, company_ID, recruiter_ID) VALUES (36, 'Manage cloud infrastructure and deployments.', 'Rs.70,000 - Rs.100,000', 'Los Angeles', 'UX Designer', '2025-05-02', 'Full-Time', 35, 11);
INSERT INTO JOB_POSTING (job_ID, description, salary_Range, location_Preferences, Title, deadline, job_type, company_ID, recruiter_ID) VALUES (37, 'Analyze data to extract insights and support decision-making.', 'Rs.30,000 - Rs.50,000', 'Chicago', 'UX Designer', '2025-05-24', 'Internship', 39, 36);
INSERT INTO JOB_POSTING (job_ID, description, salary_Range, location_Preferences, Title, deadline, job_type, company_ID, recruiter_ID) VALUES (38, 'Analyze financial data to help the company make informed decisions.', 'Rs.40,000 - Rs.60,000', 'Chicago', 'UX Designer', '2025-05-06', 'Full-Time', 10, 66);
INSERT INTO JOB_POSTING (job_ID, description, salary_Range, location_Preferences, Title, deadline, job_type, company_ID, recruiter_ID) VALUES (39, 'Oversee HR functions including recruitment and employee relations.', 'Rs.100,000 - Rs.130,000', 'Los Angeles', 'DevOps Engineer', '2025-06-02', 'Internship', 50, 85);
INSERT INTO JOB_POSTING (job_ID, description, salary_Range, location_Preferences, Title, deadline, job_type, company_ID, recruiter_ID) VALUES (40, 'Design intuitive user interfaces for web applications.', 'Rs.40,000 - Rs.60,000', 'Miami', 'Data Scientist', '2025-05-06', 'Internship', 28, 88);
INSERT INTO JOB_POSTING (job_ID, description, salary_Range, location_Preferences, Title, deadline, job_type, company_ID, recruiter_ID) VALUES (41, 'Analyze financial data to help the company make informed decisions.', 'Rs.60,000 - Rs.90,000', 'Dallas', 'UI Developer', '2025-04-24', 'Full-Time', 35, 88);
INSERT INTO JOB_POSTING (job_ID, description, salary_Range, location_Preferences, Title, deadline, job_type, company_ID, recruiter_ID) VALUES (42, 'Develop and maintain websites and web applications.', 'Rs.40,000 - Rs.60,000', 'Denver', 'Software Engineer', '2025-06-16', 'Full-Time', 33, 97);
INSERT INTO JOB_POSTING (job_ID, description, salary_Range, location_Preferences, Title, deadline, job_type, company_ID, recruiter_ID) VALUES (43, 'Analyze data to extract insights and support decision-making.', 'Rs.60,000 - Rs.90,000', 'Chicago', 'HR Manager', '2025-05-27', 'Full-Time', 19, 35);
INSERT INTO JOB_POSTING (job_ID, description, salary_Range, location_Preferences, Title, deadline, job_type, company_ID, recruiter_ID) VALUES (44, 'Design intuitive user interfaces for web applications.', 'Rs.40,000 - Rs.60,000', 'Los Angeles', 'Software Engineer', '2025-06-14', 'Internship', 26, 62);
INSERT INTO JOB_POSTING (job_ID, description, salary_Range, location_Preferences, Title, deadline, job_type, company_ID, recruiter_ID) VALUES (45, 'Develop and maintain websites and web applications.', 'Rs.40,000 - Rs.60,000', 'Denver', 'Product Manager', '2025-04-22', 'Internship', 16, 97);
INSERT INTO JOB_POSTING (job_ID, description, salary_Range, location_Preferences, Title, deadline, job_type, company_ID, recruiter_ID) VALUES (46, 'Manage product lifecycle from inception to launch.', 'Rs.80,000 - Rs.120,000', 'Miami', 'Web Developer', '2025-04-26', 'Internship', 30, 36);
INSERT INTO JOB_POSTING (job_ID, description, salary_Range, location_Preferences, Title, deadline, job_type, company_ID, recruiter_ID) VALUES (47, 'Analyze data to extract insights and support decision-making.', 'Rs.30,000 - Rs.50,000', 'Dallas', 'Sales Executive', '2025-05-18', 'Full-Time', 48, 52);
INSERT INTO JOB_POSTING (job_ID, description, salary_Range, location_Preferences, Title, deadline, job_type, company_ID, recruiter_ID) VALUES (48, 'Oversee HR functions including recruitment and employee relations.', 'Rs.40,000 - Rs.60,000', 'Dallas', 'Marketing Manager', '2025-05-03', 'Internship', 22, 35);
INSERT INTO JOB_POSTING (job_ID, description, salary_Range, location_Preferences, Title, deadline, job_type, company_ID, recruiter_ID) VALUES (49, 'Analyze financial data to help the company make informed decisions.', 'Rs.60,000 - Rs.90,000', 'New York', 'Data Scientist', '2025-05-01', 'Internship', 44, 85);
INSERT INTO JOB_POSTING (job_ID, description, salary_Range, location_Preferences, Title, deadline, job_type, company_ID, recruiter_ID) VALUES (50, 'Design intuitive user interfaces for web applications.', 'Rs.30,000 - Rs.50,000', 'Austin', 'UI Developer', '2025-04-29', 'Full-Time', 15, 52);
INSERT INTO JOB_POSTING (job_ID, description, salary_Range, location_Preferences, Title, deadline, job_type, company_ID, recruiter_ID) VALUES (51, 'Analyze data to extract insights and support decision-making.', 'Rs.80,000 - Rs.120,000', 'Seattle', 'Web Developer', '2025-06-14', 'Internship', 36, 62);
INSERT INTO JOB_POSTING (job_ID, description, salary_Range, location_Preferences, Title, deadline, job_type, company_ID, recruiter_ID) VALUES (52, 'Design and develop interactive user interfaces.', 'Rs.40,000 - Rs.60,000', 'Miami', 'DevOps Engineer', '2025-06-17', 'Internship', 26, 35);
INSERT INTO JOB_POSTING (job_ID, description, salary_Range, location_Preferences, Title, deadline, job_type, company_ID, recruiter_ID) VALUES (53, 'Oversee HR functions including recruitment and employee relations.', 'Rs.70,000 - Rs.100,000', 'San Francisco', 'HR Manager', '2025-05-24', 'Internship', 11, 33);
INSERT INTO JOB_POSTING (job_ID, description, salary_Range, location_Preferences, Title, deadline, job_type, company_ID, recruiter_ID) VALUES (54, 'Design and develop interactive user interfaces.', 'Rs.40,000 - Rs.60,000', 'Seattle', 'Sales Executive', '2025-05-16', 'Full-Time', 40, 51);
INSERT INTO JOB_POSTING (job_ID, description, salary_Range, location_Preferences, Title, deadline, job_type, company_ID, recruiter_ID) VALUES (55, 'Design and develop interactive user interfaces.', 'Rs.80,000 - Rs.120,000', 'Boston', 'Web Developer', '2025-04-29', 'Internship', 9, 16);
INSERT INTO JOB_POSTING (job_ID, description, salary_Range, location_Preferences, Title, deadline, job_type, company_ID, recruiter_ID) VALUES (56, 'Manage cloud infrastructure and deployments.', 'Rs.40,000 - Rs.60,000', 'Boston', 'Data Scientist', '2025-04-23', 'Internship', 9, 66);
INSERT INTO JOB_POSTING (job_ID, description, salary_Range, location_Preferences, Title, deadline, job_type, company_ID, recruiter_ID) VALUES (57, 'Create and execute marketing strategies for brand growth.', 'Rs.100,000 - Rs.130,000', 'Seattle', 'Software Engineer', '2025-05-13', 'Internship', 30, 41);
INSERT INTO JOB_POSTING (job_ID, description, salary_Range, location_Preferences, Title, deadline, job_type, company_ID, recruiter_ID) VALUES (58, 'Manage projects and coordinate between different teams.', 'Rs.60,000 - Rs.90,000', 'Miami', 'Financial Analyst', '2025-04-24', 'Full-Time', 30, 66);
INSERT INTO JOB_POSTING (job_ID, description, salary_Range, location_Preferences, Title, deadline, job_type, company_ID, recruiter_ID) VALUES (59, 'Develop and maintain websites and web applications.', 'Rs.100,000 - Rs.130,000', 'Chicago', 'Software Engineer', '2025-06-11', 'Full-Time', 18, 11);
INSERT INTO JOB_POSTING (job_ID, description, salary_Range, location_Preferences, Title, deadline, job_type, company_ID, recruiter_ID) VALUES (60, 'Handle sales processes and client relationships.', 'Rs.60,000 - Rs.90,000', 'Chicago', 'UX Designer', '2025-05-13', 'Full-Time', 37, 88);
INSERT INTO JOB_POSTING (job_ID, description, salary_Range, location_Preferences, Title, deadline, job_type, company_ID, recruiter_ID) VALUES (61, 'Analyze financial data to help the company make informed decisions.', 'Rs.80,000 - Rs.120,000', 'Austin', 'Project Manager', '2025-05-08', 'Internship', 30, 11);
INSERT INTO JOB_POSTING (job_ID, description, salary_Range, location_Preferences, Title, deadline, job_type, company_ID, recruiter_ID) VALUES (62, 'Manage cloud infrastructure and deployments.', 'Rs.50,000 - Rs.70,000', 'Denver', 'Project Manager', '2025-05-21', 'Full-Time', 46, 49);
INSERT INTO JOB_POSTING (job_ID, description, salary_Range, location_Preferences, Title, deadline, job_type, company_ID, recruiter_ID) VALUES (63, 'Create and execute marketing strategies for brand growth.', 'Rs.50,000 - Rs.70,000', 'San Francisco', 'DevOps Engineer', '2025-05-19', 'Full-Time', 7, 52);
INSERT INTO JOB_POSTING (job_ID, description, salary_Range, location_Preferences, Title, deadline, job_type, company_ID, recruiter_ID) VALUES (64, 'Develop and maintain websites and web applications.', 'Rs.50,000 - Rs.80,000', 'New York', 'Web Developer', '2025-05-27', 'Internship', 31, 52);
INSERT INTO JOB_POSTING (job_ID, description, salary_Range, location_Preferences, Title, deadline, job_type, company_ID, recruiter_ID) VALUES (65, 'Develop and maintain websites and web applications.', 'Rs.50,000 - Rs.80,000', 'Chicago', 'Software Engineer', '2025-06-11', 'Full-Time', 13, 66);
INSERT INTO JOB_POSTING (job_ID, description, salary_Range, location_Preferences, Title, deadline, job_type, company_ID, recruiter_ID) VALUES (66, 'Analyze financial data to help the company make informed decisions.', 'Rs.50,000 - Rs.80,000', 'Seattle', 'Data Scientist', '2025-06-12', 'Internship', 32, 41);
INSERT INTO JOB_POSTING (job_ID, description, salary_Range, location_Preferences, Title, deadline, job_type, company_ID, recruiter_ID) VALUES (67, 'Develop and maintain websites and web applications.', 'Rs.80,000 - Rs.120,000', 'Miami', 'Sales Executive', '2025-06-13', 'Full-Time', 37, 52);
INSERT INTO JOB_POSTING (job_ID, description, salary_Range, location_Preferences, Title, deadline, job_type, company_ID, recruiter_ID) VALUES (68, 'Develop and maintain websites and web applications.', 'Rs.100,000 - Rs.130,000', 'Austin', 'Project Manager', '2025-05-24', 'Full-Time', 20, 85);
INSERT INTO JOB_POSTING (job_ID, description, salary_Range, location_Preferences, Title, deadline, job_type, company_ID, recruiter_ID) VALUES (69, 'Manage cloud infrastructure and deployments.', 'Rs.60,000 - Rs.90,000', 'Denver', 'DevOps Engineer', '2025-05-08', 'Internship', 49, 33);
INSERT INTO JOB_POSTING (job_ID, description, salary_Range, location_Preferences, Title, deadline, job_type, company_ID, recruiter_ID) VALUES (70, 'Oversee HR functions including recruitment and employee relations.', 'Rs.50,000 - Rs.70,000', 'Dallas', 'Web Developer', '2025-05-03', 'Internship', 25, 41);
INSERT INTO JOB_POSTING (job_ID, description, salary_Range, location_Preferences, Title, deadline, job_type, company_ID, recruiter_ID) VALUES (71, 'Create and execute marketing strategies for brand growth.', 'Rs.80,000 - Rs.120,000', 'Miami', 'Project Manager', '2025-05-25', 'Full-Time', 18, 51);
INSERT INTO JOB_POSTING (job_ID, description, salary_Range, location_Preferences, Title, deadline, job_type, company_ID, recruiter_ID) VALUES (72, 'Design and develop interactive user interfaces.', 'Rs.50,000 - Rs.80,000', 'Chicago', 'UX Designer', '2025-05-23', 'Full-Time', 47, 52);
INSERT INTO JOB_POSTING (job_ID, description, salary_Range, location_Preferences, Title, deadline, job_type, company_ID, recruiter_ID) VALUES (73, 'Manage cloud infrastructure and deployments.', 'Rs.50,000 - Rs.70,000', 'Seattle', 'Software Engineer', '2025-06-01', 'Internship', 18, 85);
INSERT INTO JOB_POSTING (job_ID, description, salary_Range, location_Preferences, Title, deadline, job_type, company_ID, recruiter_ID) VALUES (74, 'Analyze data to extract insights and support decision-making.', 'Rs.40,000 - Rs.60,000', 'Chicago', 'Data Scientist', '2025-05-10', 'Internship', 29, 49);
INSERT INTO JOB_POSTING (job_ID, description, salary_Range, location_Preferences, Title, deadline, job_type, company_ID, recruiter_ID) VALUES (75, 'Analyze data to extract insights and support decision-making.', 'Rs.70,000 - Rs.100,000', 'Denver', 'Marketing Manager', '2025-06-07', 'Internship', 34, 85);
INSERT INTO JOB_POSTING (job_ID, description, salary_Range, location_Preferences, Title, deadline, job_type, company_ID, recruiter_ID) VALUES (76, 'Analyze data to extract insights and support decision-making.', 'Rs.50,000 - Rs.80,000', 'Los Angeles', 'DevOps Engineer', '2025-05-17', 'Internship', 16, 85);
INSERT INTO JOB_POSTING (job_ID, description, salary_Range, location_Preferences, Title, deadline, job_type, company_ID, recruiter_ID) VALUES (77, 'Oversee HR functions including recruitment and employee relations.', 'Rs.70,000 - Rs.100,000', 'New York', 'Web Developer', '2025-06-17', 'Internship', 18, 51);
INSERT INTO JOB_POSTING (job_ID, description, salary_Range, location_Preferences, Title, deadline, job_type, company_ID, recruiter_ID) VALUES (78, 'Design intuitive user interfaces for web applications.', 'Rs.100,000 - Rs.130,000', 'San Francisco', 'DevOps Engineer', '2025-04-25', 'Internship', 26, 69);
INSERT INTO JOB_POSTING (job_ID, description, salary_Range, location_Preferences, Title, deadline, job_type, company_ID, recruiter_ID) VALUES (79, 'Manage cloud infrastructure and deployments.', 'Rs.70,000 - Rs.100,000', 'Denver', 'Sales Executive', '2025-05-03', 'Internship', 36, 52);
INSERT INTO JOB_POSTING (job_ID, description, salary_Range, location_Preferences, Title, deadline, job_type, company_ID, recruiter_ID) VALUES (80, 'Design intuitive user interfaces for web applications.', 'Rs.40,000 - Rs.60,000', 'Miami', 'Data Scientist', '2025-05-08', 'Full-Time', 49, 49);
INSERT INTO JOB_POSTING (job_ID, description, salary_Range, location_Preferences, Title, deadline, job_type, company_ID, recruiter_ID) VALUES (81, 'Manage product lifecycle from inception to launch.', 'Rs.40,000 - Rs.60,000', 'Denver', 'Data Scientist', '2025-06-02', 'Full-Time', 33, 69);
INSERT INTO JOB_POSTING (job_ID, description, salary_Range, location_Preferences, Title, deadline, job_type, company_ID, recruiter_ID) VALUES (82, 'Handle sales processes and client relationships.', 'Rs.50,000 - Rs.80,000', 'Boston', 'Marketing Manager', '2025-06-14', 'Full-Time', 25, 52);
INSERT INTO JOB_POSTING (job_ID, description, salary_Range, location_Preferences, Title, deadline, job_type, company_ID, recruiter_ID) VALUES (83, 'Design and develop interactive user interfaces.', 'Rs.60,000 - Rs.90,000', 'New York', 'Data Scientist', '2025-05-24', 'Full-Time', 10, 36);
INSERT INTO JOB_POSTING (job_ID, description, salary_Range, location_Preferences, Title, deadline, job_type, company_ID, recruiter_ID) VALUES (84, 'Handle sales processes and client relationships.', 'Rs.60,000 - Rs.90,000', 'Seattle', 'DevOps Engineer', '2025-04-25', 'Full-Time', 49, 66);
INSERT INTO JOB_POSTING (job_ID, description, salary_Range, location_Preferences, Title, deadline, job_type, company_ID, recruiter_ID) VALUES (85, 'Analyze data to extract insights and support decision-making.', 'Rs.60,000 - Rs.90,000', 'Austin', 'HR Manager', '2025-06-12', 'Full-Time', 23, 69);
INSERT INTO JOB_POSTING (job_ID, description, salary_Range, location_Preferences, Title, deadline, job_type, company_ID, recruiter_ID) VALUES (86, 'Oversee HR functions including recruitment and employee relations.', 'Rs.80,000 - Rs.120,000', 'Dallas', 'Data Scientist', '2025-06-19', 'Full-Time', 28, 62);
INSERT INTO JOB_POSTING (job_ID, description, salary_Range, location_Preferences, Title, deadline, job_type, company_ID, recruiter_ID) VALUES (87, 'Create and execute marketing strategies for brand growth.', 'Rs.40,000 - Rs.60,000', 'Denver', 'Product Manager', '2025-05-15', 'Internship', 44, 88);
INSERT INTO JOB_POSTING (job_ID, description, salary_Range, location_Preferences, Title, deadline, job_type, company_ID, recruiter_ID) VALUES (88, 'Oversee HR functions including recruitment and employee relations.', 'Rs.50,000 - Rs.70,000', 'Chicago', 'Software Engineer', '2025-04-29', 'Internship', 1, 88);
INSERT INTO JOB_POSTING (job_ID, description, salary_Range, location_Preferences, Title, deadline, job_type, company_ID, recruiter_ID) VALUES (89, 'Handle sales processes and client relationships.', 'Rs.80,000 - Rs.120,000', 'Denver', 'Data Scientist', '2025-05-26', 'Full-Time', 36, 41);
INSERT INTO JOB_POSTING (job_ID, description, salary_Range, location_Preferences, Title, deadline, job_type, company_ID, recruiter_ID) VALUES (90, 'Analyze data to extract insights and support decision-making.', 'Rs.100,000 - Rs.130,000', 'Austin', 'Financial Analyst', '2025-04-22', 'Internship', 43, 49);
INSERT INTO JOB_POSTING (job_ID, description, salary_Range, location_Preferences, Title, deadline, job_type, company_ID, recruiter_ID) VALUES (91, 'Manage product lifecycle from inception to launch.', 'Rs.30,000 - Rs.50,000', 'Chicago', 'Software Engineer', '2025-04-27', 'Full-Time', 16, 35);
INSERT INTO JOB_POSTING (job_ID, description, salary_Range, location_Preferences, Title, deadline, job_type, company_ID, recruiter_ID) VALUES (92, 'Oversee HR functions including recruitment and employee relations.', 'Rs.30,000 - Rs.50,000', 'New York', 'UX Designer', '2025-06-16', 'Internship', 17, 35);
INSERT INTO JOB_POSTING (job_ID, description, salary_Range, location_Preferences, Title, deadline, job_type, company_ID, recruiter_ID) VALUES (93, 'Manage projects and coordinate between different teams.', 'Rs.30,000 - Rs.50,000', 'Chicago', 'Software Engineer', '2025-06-18', 'Internship', 15, 69);
INSERT INTO JOB_POSTING (job_ID, description, salary_Range, location_Preferences, Title, deadline, job_type, company_ID, recruiter_ID) VALUES (94, 'Develop and maintain websites and web applications.', 'Rs.40,000 - Rs.60,000', 'Chicago', 'UX Designer', '2025-05-04', 'Internship', 43, 16);
INSERT INTO JOB_POSTING (job_ID, description, salary_Range, location_Preferences, Title, deadline, job_type, company_ID, recruiter_ID) VALUES (95, 'Analyze data to extract insights and support decision-making.', 'Rs.40,000 - Rs.60,000', 'Denver', 'Marketing Manager', '2025-05-16', 'Full-Time', 49, 62);
INSERT INTO JOB_POSTING (job_ID, description, salary_Range, location_Preferences, Title, deadline, job_type, company_ID, recruiter_ID) VALUES (96, 'Design intuitive user interfaces for web applications.', 'Rs.30,000 - Rs.50,000', 'Chicago', 'Software Engineer', '2025-05-03', 'Internship', 39, 35);
INSERT INTO JOB_POSTING (job_ID, description, salary_Range, location_Preferences, Title, deadline, job_type, company_ID, recruiter_ID) VALUES (97, 'Analyze data to extract insights and support decision-making.', 'Rs.100,000 - Rs.130,000', 'New York', 'DevOps Engineer', '2025-05-13', 'Internship', 48, 16);
INSERT INTO JOB_POSTING (job_ID, description, salary_Range, location_Preferences, Title, deadline, job_type, company_ID, recruiter_ID) VALUES (98, 'Develop and maintain websites and web applications.', 'Rs.100,000 - Rs.130,000', 'Los Angeles', 'Financial Analyst', '2025-06-05', 'Full-Time', 12, 11);
INSERT INTO JOB_POSTING (job_ID, description, salary_Range, location_Preferences, Title, deadline, job_type, company_ID, recruiter_ID) VALUES (99, 'Analyze data to extract insights and support decision-making.', 'Rs.40,000 - Rs.60,000', 'Dallas', 'UI Developer', '2025-06-18', 'Internship', 40, 97);
INSERT INTO JOB_POSTING (job_ID, description, salary_Range, location_Preferences, Title, deadline, job_type, company_ID, recruiter_ID) VALUES (100, 'Manage projects and coordinate between different teams.', 'Rs.50,000 - Rs.70,000', 'Austin', 'Software Engineer', '2025-05-18', 'Full-Time', 31, 88);
INSERT INTO JOB_POSTING (job_ID, description, salary_Range, location_Preferences, Title, deadline, job_type, company_ID, recruiter_ID) VALUES (101, 'Oversee HR functions including recruitment and employee relations.', 'Rs.50,000 - Rs.80,000', 'Seattle', 'Web Developer', '2025-05-11', 'Internship', 47, 69);
INSERT INTO JOB_POSTING (job_ID, description, salary_Range, location_Preferences, Title, deadline, job_type, company_ID, recruiter_ID) VALUES (102, 'Analyze data to extract insights and support decision-making.', 'Rs.80,000 - Rs.120,000', 'Austin', 'UI Developer', '2025-06-03', 'Full-Time', 24, 69);
INSERT INTO JOB_POSTING (job_ID, description, salary_Range, location_Preferences, Title, deadline, job_type, company_ID, recruiter_ID) VALUES (103, 'Manage cloud infrastructure and deployments.', 'Rs.40,000 - Rs.60,000', 'Chicago', 'UI Developer', '2025-06-06', 'Full-Time', 40, 33);
INSERT INTO JOB_POSTING (job_ID, description, salary_Range, location_Preferences, Title, deadline, job_type, company_ID, recruiter_ID) VALUES (104, 'Handle sales processes and client relationships.', 'Rs.50,000 - Rs.70,000', 'San Francisco', 'Software Engineer', '2025-05-03', 'Full-Time', 17, 66);
INSERT INTO JOB_POSTING (job_ID, description, salary_Range, location_Preferences, Title, deadline, job_type, company_ID, recruiter_ID) VALUES (105, 'Manage cloud infrastructure and deployments.', 'Rs.50,000 - Rs.70,000', 'Austin', 'Web Developer', '2025-04-29', 'Full-Time', 38, 16);
INSERT INTO JOB_POSTING (job_ID, description, salary_Range, location_Preferences, Title, deadline, job_type, company_ID, recruiter_ID) VALUES (106, 'Analyze financial data to help the company make informed decisions.', 'Rs.80,000 - Rs.120,000', 'Denver', 'Project Manager', '2025-05-22', 'Full-Time', 24, 52);
INSERT INTO JOB_POSTING (job_ID, description, salary_Range, location_Preferences, Title, deadline, job_type, company_ID, recruiter_ID) VALUES (107, 'Design intuitive user interfaces for web applications.', 'Rs.70,000 - Rs.100,000', 'Dallas', 'Sales Executive', '2025-06-07', 'Full-Time', 45, 62);
INSERT INTO JOB_POSTING (job_ID, description, salary_Range, location_Preferences, Title, deadline, job_type, company_ID, recruiter_ID) VALUES (108, 'Manage cloud infrastructure and deployments.', 'Rs.50,000 - Rs.70,000', 'Boston', 'Product Manager', '2025-04-22', 'Internship', 14, 88);
INSERT INTO JOB_POSTING (job_ID, description, salary_Range, location_Preferences, Title, deadline, job_type, company_ID, recruiter_ID) VALUES (109, 'Oversee HR functions including recruitment and employee relations.', 'Rs.80,000 - Rs.120,000', 'Miami', 'DevOps Engineer', '2025-06-15', 'Internship', 44, 16);
INSERT INTO JOB_POSTING (job_ID, description, salary_Range, location_Preferences, Title, deadline, job_type, company_ID, recruiter_ID) VALUES (110, 'Handle sales processes and client relationships.', 'Rs.40,000 - Rs.60,000', 'San Francisco', 'Marketing Manager', '2025-04-22', 'Full-Time', 41, 16);
INSERT INTO JOB_POSTING (job_ID, description, salary_Range, location_Preferences, Title, deadline, job_type, company_ID, recruiter_ID) VALUES (111, 'Manage cloud infrastructure and deployments.', 'Rs.40,000 - Rs.60,000', 'Dallas', 'UI Developer', '2025-05-12', 'Internship', 19, 62);
INSERT INTO JOB_POSTING (job_ID, description, salary_Range, location_Preferences, Title, deadline, job_type, company_ID, recruiter_ID) VALUES (112, 'Manage cloud infrastructure and deployments.', 'Rs.50,000 - Rs.70,000', 'Los Angeles', 'Financial Analyst', '2025-05-01', 'Full-Time', 48, 69);
INSERT INTO JOB_POSTING (job_ID, description, salary_Range, location_Preferences, Title, deadline, job_type, company_ID, recruiter_ID) VALUES (113, 'Design and develop interactive user interfaces.', 'Rs.40,000 - Rs.60,000', 'Los Angeles', 'Web Developer', '2025-04-24', 'Internship', 6, 11);
INSERT INTO JOB_POSTING (job_ID, description, salary_Range, location_Preferences, Title, deadline, job_type, company_ID, recruiter_ID) VALUES (114, 'Oversee HR functions including recruitment and employee relations.', 'Rs.40,000 - Rs.60,000', 'Boston', 'UX Designer', '2025-06-07', 'Full-Time', 18, 85);
INSERT INTO JOB_POSTING (job_ID, description, salary_Range, location_Preferences, Title, deadline, job_type, company_ID, recruiter_ID) VALUES (115, 'Develop and maintain websites and web applications.', 'Rs.30,000 - Rs.50,000', 'Boston', 'Product Manager', '2025-05-04', 'Internship', 24, 52);
INSERT INTO JOB_POSTING (job_ID, description, salary_Range, location_Preferences, Title, deadline, job_type, company_ID, recruiter_ID) VALUES (116, 'Handle sales processes and client relationships.', 'Rs.50,000 - Rs.80,000', 'Boston', 'DevOps Engineer', '2025-06-08', 'Full-Time', 32, 62);
INSERT INTO JOB_POSTING (job_ID, description, salary_Range, location_Preferences, Title, deadline, job_type, company_ID, recruiter_ID) VALUES (117, 'Handle sales processes and client relationships.', 'Rs.40,000 - Rs.60,000', 'Chicago', 'Marketing Manager', '2025-04-23', 'Internship', 44, 85);
INSERT INTO JOB_POSTING (job_ID, description, salary_Range, location_Preferences, Title, deadline, job_type, company_ID, recruiter_ID) VALUES (118, 'Analyze data to extract insights and support decision-making.', 'Rs.100,000 - Rs.130,000', 'Dallas', 'UX Designer', '2025-05-24', 'Full-Time', 48, 41);
INSERT INTO JOB_POSTING (job_ID, description, salary_Range, location_Preferences, Title, deadline, job_type, company_ID, recruiter_ID) VALUES (119, 'Manage cloud infrastructure and deployments.', 'Rs.60,000 - Rs.90,000', 'Austin', 'HR Manager', '2025-06-19', 'Internship', 26, 62);
INSERT INTO JOB_POSTING (job_ID, description, salary_Range, location_Preferences, Title, deadline, job_type, company_ID, recruiter_ID) VALUES (120, 'Create and execute marketing strategies for brand growth.', 'Rs.30,000 - Rs.50,000', 'Miami', 'Web Developer', '2025-05-30', 'Full-Time', 33, 35);
INSERT INTO JOB_POSTING (job_ID, description, salary_Range, location_Preferences, Title, deadline, job_type, company_ID, recruiter_ID) VALUES (121, 'Analyze data to extract insights and support decision-making.', 'Rs.60,000 - Rs.90,000', 'Dallas', 'UI Developer', '2025-05-08', 'Internship', 45, 85);
INSERT INTO JOB_POSTING (job_ID, description, salary_Range, location_Preferences, Title, deadline, job_type, company_ID, recruiter_ID) VALUES (122, 'Design intuitive user interfaces for web applications.', 'Rs.50,000 - Rs.80,000', 'Miami', 'Marketing Manager', '2025-04-25', 'Internship', 39, 16);
INSERT INTO JOB_POSTING (job_ID, description, salary_Range, location_Preferences, Title, deadline, job_type, company_ID, recruiter_ID) VALUES (123, 'Design and develop interactive user interfaces.', 'Rs.80,000 - Rs.120,000', 'Seattle', 'Product Manager', '2025-05-17', 'Full-Time', 42, 88);
INSERT INTO JOB_POSTING (job_ID, description, salary_Range, location_Preferences, Title, deadline, job_type, company_ID, recruiter_ID) VALUES (124, 'Manage cloud infrastructure and deployments.', 'Rs.30,000 - Rs.50,000', 'Dallas', 'Marketing Manager', '2025-04-24', 'Internship', 41, 97);
INSERT INTO JOB_POSTING (job_ID, description, salary_Range, location_Preferences, Title, deadline, job_type, company_ID, recruiter_ID) VALUES (125, 'Design and develop interactive user interfaces.', 'Rs.60,000 - Rs.90,000', 'Dallas', 'DevOps Engineer', '2025-05-14', 'Full-Time', 47, 33);
INSERT INTO JOB_POSTING (job_ID, description, salary_Range, location_Preferences, Title, deadline, job_type, company_ID, recruiter_ID) VALUES (126, 'Design and develop interactive user interfaces.', 'Rs.30,000 - Rs.50,000', 'Miami', 'Sales Executive', '2025-05-30', 'Internship', 12, 33);
INSERT INTO JOB_POSTING (job_ID, description, salary_Range, location_Preferences, Title, deadline, job_type, company_ID, recruiter_ID) VALUES (127, 'Design intuitive user interfaces for web applications.', 'Rs.40,000 - Rs.60,000', 'Dallas', 'Financial Analyst', '2025-05-10', 'Internship', 10, 66);
INSERT INTO JOB_POSTING (job_ID, description, salary_Range, location_Preferences, Title, deadline, job_type, company_ID, recruiter_ID) VALUES (128, 'Analyze data to extract insights and support decision-making.', 'Rs.50,000 - Rs.80,000', 'Chicago', 'Project Manager', '2025-04-22', 'Internship', 25, 97);
INSERT INTO JOB_POSTING (job_ID, description, salary_Range, location_Preferences, Title, deadline, job_type, company_ID, recruiter_ID) VALUES (129, 'Handle sales processes and client relationships.', 'Rs.60,000 - Rs.90,000', 'Seattle', 'Software Engineer', '2025-05-12', 'Internship', 45, 85);
INSERT INTO JOB_POSTING (job_ID, description, salary_Range, location_Preferences, Title, deadline, job_type, company_ID, recruiter_ID) VALUES (130, 'Design and develop interactive user interfaces.', 'Rs.60,000 - Rs.90,000', 'Boston', 'Marketing Manager', '2025-05-15', 'Full-Time', 34, 36);
INSERT INTO JOB_POSTING (job_ID, description, salary_Range, location_Preferences, Title, deadline, job_type, company_ID, recruiter_ID) VALUES (131, 'Create and execute marketing strategies for brand growth.', 'Rs.80,000 - Rs.120,000', 'New York', 'Software Engineer', '2025-05-15', 'Internship', 7, 69);
INSERT INTO JOB_POSTING (job_ID, description, salary_Range, location_Preferences, Title, deadline, job_type, company_ID, recruiter_ID) VALUES (132, 'Responsible for software development and maintenance.', 'Rs.80,000 - Rs.120,000', 'New York', 'Financial Analyst', '2025-05-27', 'Internship', 5, 66);
INSERT INTO JOB_POSTING (job_ID, description, salary_Range, location_Preferences, Title, deadline, job_type, company_ID, recruiter_ID) VALUES (133, 'Responsible for software development and maintenance.', 'Rs.30,000 - Rs.50,000', 'Seattle', 'Web Developer', '2025-04-29', 'Full-Time', 44, 41);
INSERT INTO JOB_POSTING (job_ID, description, salary_Range, location_Preferences, Title, deadline, job_type, company_ID, recruiter_ID) VALUES (134, 'Manage projects and coordinate between different teams.', 'Rs.50,000 - Rs.70,000', 'Boston', 'Product Manager', '2025-06-11', 'Internship', 11, 51);
INSERT INTO JOB_POSTING (job_ID, description, salary_Range, location_Preferences, Title, deadline, job_type, company_ID, recruiter_ID) VALUES (135, 'Oversee HR functions including recruitment and employee relations.', 'Rs.100,000 - Rs.130,000', 'Los Angeles', 'Data Scientist', '2025-04-27', 'Full-Time', 25, 16);
INSERT INTO JOB_POSTING (job_ID, description, salary_Range, location_Preferences, Title, deadline, job_type, company_ID, recruiter_ID) VALUES (136, 'Handle sales processes and client relationships.', 'Rs.100,000 - Rs.130,000', 'Seattle', 'Financial Analyst', '2025-06-12', 'Full-Time', 25, 97);
INSERT INTO JOB_POSTING (job_ID, description, salary_Range, location_Preferences, Title, deadline, job_type, company_ID, recruiter_ID) VALUES (137, 'Analyze financial data to help the company make informed decisions.', 'Rs.30,000 - Rs.50,000', 'Boston', 'Financial Analyst', '2025-06-19', 'Full-Time', 19, 62);
INSERT INTO JOB_POSTING (job_ID, description, salary_Range, location_Preferences, Title, deadline, job_type, company_ID, recruiter_ID) VALUES (138, 'Develop and maintain websites and web applications.', 'Rs.100,000 - Rs.130,000', 'San Francisco', 'UX Designer', '2025-05-17', 'Internship', 4, 16);
INSERT INTO JOB_POSTING (job_ID, description, salary_Range, location_Preferences, Title, deadline, job_type, company_ID, recruiter_ID) VALUES (139, 'Manage product lifecycle from inception to launch.', 'Rs.50,000 - Rs.70,000', 'Chicago', 'HR Manager', '2025-04-28', 'Full-Time', 10, 52);
INSERT INTO JOB_POSTING (job_ID, description, salary_Range, location_Preferences, Title, deadline, job_type, company_ID, recruiter_ID) VALUES (140, 'Analyze data to extract insights and support decision-making.', 'Rs.40,000 - Rs.60,000', 'Chicago', 'Product Manager', '2025-06-14', 'Internship', 15, 35);
INSERT INTO JOB_POSTING (job_ID, description, salary_Range, location_Preferences, Title, deadline, job_type, company_ID, recruiter_ID) VALUES (141, 'Manage product lifecycle from inception to launch.', 'Rs.30,000 - Rs.50,000', 'Dallas', 'Software Engineer', '2025-05-06', 'Internship', 32, 88);
INSERT INTO JOB_POSTING (job_ID, description, salary_Range, location_Preferences, Title, deadline, job_type, company_ID, recruiter_ID) VALUES (142, 'Design intuitive user interfaces for web applications.', 'Rs.50,000 - Rs.70,000', 'New York', 'Sales Executive', '2025-05-29', 'Full-Time', 40, 85);
INSERT INTO JOB_POSTING (job_ID, description, salary_Range, location_Preferences, Title, deadline, job_type, company_ID, recruiter_ID) VALUES (143, 'Responsible for software development and maintenance.', 'Rs.40,000 - Rs.60,000', 'Dallas', 'Project Manager', '2025-06-17', 'Full-Time', 16, 51);
INSERT INTO JOB_POSTING (job_ID, description, salary_Range, location_Preferences, Title, deadline, job_type, company_ID, recruiter_ID) VALUES (144, 'Design intuitive user interfaces for web applications.', 'Rs.50,000 - Rs.80,000', 'Denver', 'Marketing Manager', '2025-05-04', 'Internship', 43, 85);
INSERT INTO JOB_POSTING (job_ID, description, salary_Range, location_Preferences, Title, deadline, job_type, company_ID, recruiter_ID) VALUES (145, 'Develop and maintain websites and web applications.', 'Rs.40,000 - Rs.60,000', 'Denver', 'Financial Analyst', '2025-06-20', 'Internship', 5, 16);
INSERT INTO JOB_POSTING (job_ID, description, salary_Range, location_Preferences, Title, deadline, job_type, company_ID, recruiter_ID) VALUES (146, 'Manage product lifecycle from inception to launch.', 'Rs.40,000 - Rs.60,000', 'Boston', 'HR Manager', '2025-04-30', 'Full-Time', 1, 62);
INSERT INTO JOB_POSTING (job_ID, description, salary_Range, location_Preferences, Title, deadline, job_type, company_ID, recruiter_ID) VALUES (147, 'Design intuitive user interfaces for web applications.', 'Rs.60,000 - Rs.90,000', 'Seattle', 'Project Manager', '2025-06-07', 'Internship', 28, 11);
INSERT INTO JOB_POSTING (job_ID, description, salary_Range, location_Preferences, Title, deadline, job_type, company_ID, recruiter_ID) VALUES (148, 'Oversee HR functions including recruitment and employee relations.', 'Rs.50,000 - Rs.80,000', 'Austin', 'Marketing Manager', '2025-05-31', 'Internship', 49, 51);
INSERT INTO JOB_POSTING (job_ID, description, salary_Range, location_Preferences, Title, deadline, job_type, company_ID, recruiter_ID) VALUES (149, 'Analyze financial data to help the company make informed decisions.', 'Rs.70,000 - Rs.100,000', 'Dallas', 'DevOps Engineer', '2025-06-13', 'Internship', 40, 49);
INSERT INTO JOB_POSTING (job_ID, description, salary_Range, location_Preferences, Title, deadline, job_type, company_ID, recruiter_ID) VALUES (150, 'Analyze financial data to help the company make informed decisions.', 'Rs.50,000 - Rs.70,000', 'New York', 'DevOps Engineer', '2025-05-01', 'Internship', 11, 35);
INSERT INTO JOB_POSTING (job_ID, description, salary_Range, location_Preferences, Title, deadline, job_type, company_ID, recruiter_ID) VALUES (151, 'Manage projects and coordinate between different teams.', 'Rs.100,000 - Rs.130,000', 'New York', 'Product Manager', '2025-06-08', 'Internship', 48, 11);
INSERT INTO JOB_POSTING (job_ID, description, salary_Range, location_Preferences, Title, deadline, job_type, company_ID, recruiter_ID) VALUES (152, 'Create and execute marketing strategies for brand growth.', 'Rs.60,000 - Rs.90,000', 'Boston', 'Sales Executive', '2025-06-04', 'Internship', 7, 36);
INSERT INTO JOB_POSTING (job_ID, description, salary_Range, location_Preferences, Title, deadline, job_type, company_ID, recruiter_ID) VALUES (153, 'Manage cloud infrastructure and deployments.', 'Rs.50,000 - Rs.80,000', 'Denver', 'Web Developer', '2025-05-30', 'Internship', 11, 69);
INSERT INTO JOB_POSTING (job_ID, description, salary_Range, location_Preferences, Title, deadline, job_type, company_ID, recruiter_ID) VALUES (154, 'Analyze financial data to help the company make informed decisions.', 'Rs.50,000 - Rs.80,000', 'Miami', 'Financial Analyst', '2025-05-03', 'Internship', 7, 88);
INSERT INTO JOB_POSTING (job_ID, description, salary_Range, location_Preferences, Title, deadline, job_type, company_ID, recruiter_ID) VALUES (155, 'Analyze financial data to help the company make informed decisions.', 'Rs.80,000 - Rs.120,000', 'Los Angeles', 'Financial Analyst', '2025-05-06', 'Internship', 11, 11);
INSERT INTO JOB_POSTING (job_ID, description, salary_Range, location_Preferences, Title, deadline, job_type, company_ID, recruiter_ID) VALUES (156, 'Manage projects and coordinate between different teams.', 'Rs.50,000 - Rs.80,000', 'New York', 'Marketing Manager', '2025-06-15', 'Full-Time', 23, 52);
INSERT INTO JOB_POSTING (job_ID, description, salary_Range, location_Preferences, Title, deadline, job_type, company_ID, recruiter_ID) VALUES (157, 'Oversee HR functions including recruitment and employee relations.', 'Rs.50,000 - Rs.70,000', 'Miami', 'HR Manager', '2025-06-20', 'Internship', 26, 66);
INSERT INTO JOB_POSTING (job_ID, description, salary_Range, location_Preferences, Title, deadline, job_type, company_ID, recruiter_ID) VALUES (158, 'Design intuitive user interfaces for web applications.', 'Rs.50,000 - Rs.70,000', 'Dallas', 'Marketing Manager', '2025-05-02', 'Internship', 31, 66);
INSERT INTO JOB_POSTING (job_ID, description, salary_Range, location_Preferences, Title, deadline, job_type, company_ID, recruiter_ID) VALUES (159, 'Responsible for software development and maintenance.', 'Rs.70,000 - Rs.100,000', 'Denver', 'Data Scientist', '2025-06-02', 'Full-Time', 11, 62);
INSERT INTO JOB_POSTING (job_ID, description, salary_Range, location_Preferences, Title, deadline, job_type, company_ID, recruiter_ID) VALUES (160, 'Manage cloud infrastructure and deployments.', 'Rs.80,000 - Rs.120,000', 'Seattle', 'Data Scientist', '2025-06-03', 'Internship', 2, 11);
INSERT INTO JOB_POSTING (job_ID, description, salary_Range, location_Preferences, Title, deadline, job_type, company_ID, recruiter_ID) VALUES (161, 'Manage cloud infrastructure and deployments.', 'Rs.50,000 - Rs.70,000', 'Boston', 'Sales Executive', '2025-04-24', 'Full-Time', 35, 69);
INSERT INTO JOB_POSTING (job_ID, description, salary_Range, location_Preferences, Title, deadline, job_type, company_ID, recruiter_ID) VALUES (162, 'Manage product lifecycle from inception to launch.', 'Rs.80,000 - Rs.120,000', 'Dallas', 'UX Designer', '2025-05-31', 'Internship', 46, 69);
INSERT INTO JOB_POSTING (job_ID, description, salary_Range, location_Preferences, Title, deadline, job_type, company_ID, recruiter_ID) VALUES (163, 'Manage cloud infrastructure and deployments.', 'Rs.100,000 - Rs.130,000', 'Los Angeles', 'Software Engineer', '2025-05-21', 'Full-Time', 29, 85);
INSERT INTO JOB_POSTING (job_ID, description, salary_Range, location_Preferences, Title, deadline, job_type, company_ID, recruiter_ID) VALUES (164, 'Oversee HR functions including recruitment and employee relations.', 'Rs.60,000 - Rs.90,000', 'San Francisco', 'Product Manager', '2025-05-29', 'Full-Time', 5, 16);
INSERT INTO JOB_POSTING (job_ID, description, salary_Range, location_Preferences, Title, deadline, job_type, company_ID, recruiter_ID) VALUES (165, 'Design and develop interactive user interfaces.', 'Rs.60,000 - Rs.90,000', 'Denver', 'Software Engineer', '2025-05-15', 'Internship', 18, 62);
INSERT INTO JOB_POSTING (job_ID, description, salary_Range, location_Preferences, Title, deadline, job_type, company_ID, recruiter_ID) VALUES (166, 'Create and execute marketing strategies for brand growth.', 'Rs.50,000 - Rs.80,000', 'Denver', 'DevOps Engineer', '2025-05-05', 'Full-Time', 25, 85);
INSERT INTO JOB_POSTING (job_ID, description, salary_Range, location_Preferences, Title, deadline, job_type, company_ID, recruiter_ID) VALUES (167, 'Analyze financial data to help the company make informed decisions.', 'Rs.30,000 - Rs.50,000', 'Denver', 'Data Scientist', '2025-04-29', 'Full-Time', 31, 35);
INSERT INTO JOB_POSTING (job_ID, description, salary_Range, location_Preferences, Title, deadline, job_type, company_ID, recruiter_ID) VALUES (168, 'Manage projects and coordinate between different teams.', 'Rs.70,000 - Rs.100,000', 'Miami', 'Project Manager', '2025-05-17', 'Full-Time', 7, 52);
INSERT INTO JOB_POSTING (job_ID, description, salary_Range, location_Preferences, Title, deadline, job_type, company_ID, recruiter_ID) VALUES (169, 'Manage product lifecycle from inception to launch.', 'Rs.60,000 - Rs.90,000', 'San Francisco', 'DevOps Engineer', '2025-05-03', 'Full-Time', 23, 16);
INSERT INTO JOB_POSTING (job_ID, description, salary_Range, location_Preferences, Title, deadline, job_type, company_ID, recruiter_ID) VALUES (170, 'Analyze data to extract insights and support decision-making.', 'Rs.70,000 - Rs.100,000', 'Dallas', 'DevOps Engineer', '2025-04-23', 'Internship', 37, 41);
INSERT INTO JOB_POSTING (job_ID, description, salary_Range, location_Preferences, Title, deadline, job_type, company_ID, recruiter_ID) VALUES (171, 'Design and develop interactive user interfaces.', 'Rs.40,000 - Rs.60,000', 'Denver', 'Web Developer', '2025-06-09', 'Internship', 38, 16);
INSERT INTO JOB_POSTING (job_ID, description, salary_Range, location_Preferences, Title, deadline, job_type, company_ID, recruiter_ID) VALUES (172, 'Oversee HR functions including recruitment and employee relations.', 'Rs.60,000 - Rs.90,000', 'Los Angeles', 'UX Designer', '2025-05-02', 'Full-Time', 29, 66);
INSERT INTO JOB_POSTING (job_ID, description, salary_Range, location_Preferences, Title, deadline, job_type, company_ID, recruiter_ID) VALUES (173, 'Create and execute marketing strategies for brand growth.', 'Rs.80,000 - Rs.120,000', 'Austin', 'HR Manager', '2025-06-11', 'Internship', 26, 97);
INSERT INTO JOB_POSTING (job_ID, description, salary_Range, location_Preferences, Title, deadline, job_type, company_ID, recruiter_ID) VALUES (174, 'Responsible for software development and maintenance.', 'Rs.80,000 - Rs.120,000', 'Denver', 'Project Manager', '2025-04-27', 'Internship', 8, 33);
INSERT INTO JOB_POSTING (job_ID, description, salary_Range, location_Preferences, Title, deadline, job_type, company_ID, recruiter_ID) VALUES (175, 'Handle sales processes and client relationships.', 'Rs.50,000 - Rs.70,000', 'Denver', 'Sales Executive', '2025-05-24', 'Internship', 35, 49);
INSERT INTO JOB_POSTING (job_ID, description, salary_Range, location_Preferences, Title, deadline, job_type, company_ID, recruiter_ID) VALUES (176, 'Responsible for software development and maintenance.', 'Rs.80,000 - Rs.120,000', 'Austin', 'Web Developer', '2025-05-13', 'Full-Time', 20, 51);
INSERT INTO JOB_POSTING (job_ID, description, salary_Range, location_Preferences, Title, deadline, job_type, company_ID, recruiter_ID) VALUES (177, 'Manage cloud infrastructure and deployments.', 'Rs.50,000 - Rs.80,000', 'Seattle', 'Software Engineer', '2025-06-08', 'Internship', 32, 85);
INSERT INTO JOB_POSTING (job_ID, description, salary_Range, location_Preferences, Title, deadline, job_type, company_ID, recruiter_ID) VALUES (178, 'Oversee HR functions including recruitment and employee relations.', 'Rs.30,000 - Rs.50,000', 'New York', 'Software Engineer', '2025-05-19', 'Full-Time', 9, 88);
INSERT INTO JOB_POSTING (job_ID, description, salary_Range, location_Preferences, Title, deadline, job_type, company_ID, recruiter_ID) VALUES (179, 'Responsible for software development and maintenance.', 'Rs.50,000 - Rs.80,000', 'Boston', 'DevOps Engineer', '2025-04-28', 'Internship', 25, 66);
INSERT INTO JOB_POSTING (job_ID, description, salary_Range, location_Preferences, Title, deadline, job_type, company_ID, recruiter_ID) VALUES (180, 'Design and develop interactive user interfaces.', 'Rs.60,000 - Rs.90,000', 'Miami', 'Project Manager', '2025-04-30', 'Internship', 23, 62);
INSERT INTO JOB_POSTING (job_ID, description, salary_Range, location_Preferences, Title, deadline, job_type, company_ID, recruiter_ID) VALUES (181, 'Design intuitive user interfaces for web applications.', 'Rs.60,000 - Rs.90,000', 'New York', 'HR Manager', '2025-05-05', 'Full-Time', 34, 33);
INSERT INTO JOB_POSTING (job_ID, description, salary_Range, location_Preferences, Title, deadline, job_type, company_ID, recruiter_ID) VALUES (182, 'Create and execute marketing strategies for brand growth.', 'Rs.40,000 - Rs.60,000', 'Boston', 'Data Scientist', '2025-05-02', 'Internship', 17, 52);
INSERT INTO JOB_POSTING (job_ID, description, salary_Range, location_Preferences, Title, deadline, job_type, company_ID, recruiter_ID) VALUES (183, 'Develop and maintain websites and web applications.', 'Rs.50,000 - Rs.70,000', 'Miami', 'Sales Executive', '2025-06-16', 'Full-Time', 25, 52);
INSERT INTO JOB_POSTING (job_ID, description, salary_Range, location_Preferences, Title, deadline, job_type, company_ID, recruiter_ID) VALUES (184, 'Analyze financial data to help the company make informed decisions.', 'Rs.40,000 - Rs.60,000', 'Austin', 'Financial Analyst', '2025-04-27', 'Full-Time', 25, 85);
INSERT INTO JOB_POSTING (job_ID, description, salary_Range, location_Preferences, Title, deadline, job_type, company_ID, recruiter_ID) VALUES (185, 'Analyze financial data to help the company make informed decisions.', 'Rs.80,000 - Rs.120,000', 'Los Angeles', 'HR Manager', '2025-06-04', 'Full-Time', 33, 66);
INSERT INTO JOB_POSTING (job_ID, description, salary_Range, location_Preferences, Title, deadline, job_type, company_ID, recruiter_ID) VALUES (186, 'Manage projects and coordinate between different teams.', 'Rs.40,000 - Rs.60,000', 'New York', 'Marketing Manager', '2025-06-19', 'Full-Time', 8, 85);
INSERT INTO JOB_POSTING (job_ID, description, salary_Range, location_Preferences, Title, deadline, job_type, company_ID, recruiter_ID) VALUES (187, 'Design intuitive user interfaces for web applications.', 'Rs.60,000 - Rs.90,000', 'Austin', 'Project Manager', '2025-05-10', 'Internship', 39, 11);
INSERT INTO JOB_POSTING (job_ID, description, salary_Range, location_Preferences, Title, deadline, job_type, company_ID, recruiter_ID) VALUES (188, 'Design and develop interactive user interfaces.', 'Rs.50,000 - Rs.80,000', 'Denver', 'Software Engineer', '2025-05-15', 'Full-Time', 30, 49);
INSERT INTO JOB_POSTING (job_ID, description, salary_Range, location_Preferences, Title, deadline, job_type, company_ID, recruiter_ID) VALUES (189, 'Analyze data to extract insights and support decision-making.', 'Rs.30,000 - Rs.50,000', 'Boston', 'HR Manager', '2025-05-25', 'Full-Time', 42, 88);
INSERT INTO JOB_POSTING (job_ID, description, salary_Range, location_Preferences, Title, deadline, job_type, company_ID, recruiter_ID) VALUES (190, 'Develop and maintain websites and web applications.', 'Rs.70,000 - Rs.100,000', 'New York', 'Project Manager', '2025-06-05', 'Internship', 19, 11);
INSERT INTO JOB_POSTING (job_ID, description, salary_Range, location_Preferences, Title, deadline, job_type, company_ID, recruiter_ID) VALUES (191, 'Develop and maintain websites and web applications.', 'Rs.60,000 - Rs.90,000', 'Chicago', 'Sales Executive', '2025-05-26', 'Full-Time', 34, 41);
INSERT INTO JOB_POSTING (job_ID, description, salary_Range, location_Preferences, Title, deadline, job_type, company_ID, recruiter_ID) VALUES (192, 'Design and develop interactive user interfaces.', 'Rs.50,000 - Rs.80,000', 'Dallas', 'Sales Executive', '2025-05-18', 'Internship', 8, 11);
INSERT INTO JOB_POSTING (job_ID, description, salary_Range, location_Preferences, Title, deadline, job_type, company_ID, recruiter_ID) VALUES (193, 'Analyze data to extract insights and support decision-making.', 'Rs.80,000 - Rs.120,000', 'Dallas', 'DevOps Engineer', '2025-05-18', 'Internship', 47, 49);
INSERT INTO JOB_POSTING (job_ID, description, salary_Range, location_Preferences, Title, deadline, job_type, company_ID, recruiter_ID) VALUES (194, 'Responsible for software development and maintenance.', 'Rs.80,000 - Rs.120,000', 'Seattle', 'DevOps Engineer', '2025-05-30', 'Internship', 14, 69);
INSERT INTO JOB_POSTING (job_ID, description, salary_Range, location_Preferences, Title, deadline, job_type, company_ID, recruiter_ID) VALUES (195, 'Manage product lifecycle from inception to launch.', 'Rs.70,000 - Rs.100,000', 'Denver', 'Marketing Manager', '2025-05-05', 'Internship', 45, 69);
INSERT INTO JOB_POSTING (job_ID, description, salary_Range, location_Preferences, Title, deadline, job_type, company_ID, recruiter_ID) VALUES (196, 'Develop and maintain websites and web applications.', 'Rs.80,000 - Rs.120,000', 'Seattle', 'Data Scientist', '2025-05-15', 'Internship', 47, 35);
INSERT INTO JOB_POSTING (job_ID, description, salary_Range, location_Preferences, Title, deadline, job_type, company_ID, recruiter_ID) VALUES (197, 'Design and develop interactive user interfaces.', 'Rs.80,000 - Rs.120,000', 'Dallas', 'UX Designer', '2025-06-01', 'Internship', 12, 11);
INSERT INTO JOB_POSTING (job_ID, description, salary_Range, location_Preferences, Title, deadline, job_type, company_ID, recruiter_ID) VALUES (198, 'Analyze data to extract insights and support decision-making.', 'Rs.80,000 - Rs.120,000', 'Boston', 'UX Designer', '2025-06-16', 'Internship', 35, 11);
INSERT INTO JOB_POSTING (job_ID, description, salary_Range, location_Preferences, Title, deadline, job_type, company_ID, recruiter_ID) VALUES (199, 'Develop and maintain websites and web applications.', 'Rs.30,000 - Rs.50,000', 'New York', 'Financial Analyst', '2025-05-20', 'Internship', 33, 88);
INSERT INTO JOB_POSTING (job_ID, description, salary_Range, location_Preferences, Title, deadline, job_type, company_ID, recruiter_ID) VALUES (200, 'Handle sales processes and client relationships.', 'Rs.50,000 - Rs.80,000', 'New York', 'Product Manager', '2025-06-19', 'Internship', 48, 62);
INSERT INTO JOB_POSTING (job_ID, description, salary_Range, location_Preferences, Title, deadline, job_type, company_ID, recruiter_ID) VALUES (201, 'Manage product lifecycle from inception to launch.', 'Rs.50,000 - Rs.70,000', 'Chicago', 'Sales Executive', '2025-06-08', 'Internship', 36, 33);
INSERT INTO JOB_POSTING (job_ID, description, salary_Range, location_Preferences, Title, deadline, job_type, company_ID, recruiter_ID) VALUES (202, 'Design intuitive user interfaces for web applications.', 'Rs.40,000 - Rs.60,000', 'Austin', 'Data Scientist', '2025-06-02', 'Full-Time', 17, 62);
INSERT INTO JOB_POSTING (job_ID, description, salary_Range, location_Preferences, Title, deadline, job_type, company_ID, recruiter_ID) VALUES (203, 'Develop and maintain websites and web applications.', 'Rs.50,000 - Rs.80,000', 'San Francisco', 'HR Manager', '2025-06-17', 'Internship', 12, 66);
INSERT INTO JOB_POSTING (job_ID, description, salary_Range, location_Preferences, Title, deadline, job_type, company_ID, recruiter_ID) VALUES (204, 'Analyze financial data to help the company make informed decisions.', 'Rs.50,000 - Rs.70,000', 'Miami', 'Software Engineer', '2025-04-22', 'Internship', 19, 62);
INSERT INTO JOB_POSTING (job_ID, description, salary_Range, location_Preferences, Title, deadline, job_type, company_ID, recruiter_ID) VALUES (205, 'Responsible for software development and maintenance.', 'Rs.70,000 - Rs.100,000', 'Chicago', 'Software Engineer', '2025-06-01', 'Full-Time', 11, 52);
INSERT INTO JOB_POSTING (job_ID, description, salary_Range, location_Preferences, Title, deadline, job_type, company_ID, recruiter_ID) VALUES (206, 'Responsible for software development and maintenance.', 'Rs.70,000 - Rs.100,000', 'Seattle', 'HR Manager', '2025-05-04', 'Full-Time', 6, 88);
INSERT INTO JOB_POSTING (job_ID, description, salary_Range, location_Preferences, Title, deadline, job_type, company_ID, recruiter_ID) VALUES (207, 'Oversee HR functions including recruitment and employee relations.', 'Rs.50,000 - Rs.80,000', 'Dallas', 'Data Scientist', '2025-05-03', 'Internship', 42, 35);
INSERT INTO JOB_POSTING (job_ID, description, salary_Range, location_Preferences, Title, deadline, job_type, company_ID, recruiter_ID) VALUES (208, 'Responsible for software development and maintenance.', 'Rs.50,000 - Rs.70,000', 'San Francisco', 'Marketing Manager', '2025-05-01', 'Full-Time', 48, 85);
INSERT INTO JOB_POSTING (job_ID, description, salary_Range, location_Preferences, Title, deadline, job_type, company_ID, recruiter_ID) VALUES (209, 'Responsible for software development and maintenance.', 'Rs.30,000 - Rs.50,000', 'Miami', 'Software Engineer', '2025-05-13', 'Full-Time', 22, 41);
INSERT INTO JOB_POSTING (job_ID, description, salary_Range, location_Preferences, Title, deadline, job_type, company_ID, recruiter_ID) VALUES (210, 'Design and develop interactive user interfaces.', 'Rs.70,000 - Rs.100,000', 'Dallas', 'Software Engineer', '2025-06-18', 'Full-Time', 12, 41);
INSERT INTO JOB_POSTING (job_ID, description, salary_Range, location_Preferences, Title, deadline, job_type, company_ID, recruiter_ID) VALUES (211, 'Manage product lifecycle from inception to launch.', 'Rs.70,000 - Rs.100,000', 'Los Angeles', 'Web Developer', '2025-06-11', 'Internship', 11, 69);
INSERT INTO JOB_POSTING (job_ID, description, salary_Range, location_Preferences, Title, deadline, job_type, company_ID, recruiter_ID) VALUES (212, 'Design and develop interactive user interfaces.', 'Rs.50,000 - Rs.80,000', 'San Francisco', 'Project Manager', '2025-06-20', 'Full-Time', 44, 69);
INSERT INTO JOB_POSTING (job_ID, description, salary_Range, location_Preferences, Title, deadline, job_type, company_ID, recruiter_ID) VALUES (213, 'Create and execute marketing strategies for brand growth.', 'Rs.70,000 - Rs.100,000', 'Seattle', 'Marketing Manager', '2025-05-30', 'Internship', 26, 52);
INSERT INTO JOB_POSTING (job_ID, description, salary_Range, location_Preferences, Title, deadline, job_type, company_ID, recruiter_ID) VALUES (214, 'Create and execute marketing strategies for brand growth.', 'Rs.70,000 - Rs.100,000', 'Denver', 'Financial Analyst', '2025-06-17', 'Internship', 10, 69);
INSERT INTO JOB_POSTING (job_ID, description, salary_Range, location_Preferences, Title, deadline, job_type, company_ID, recruiter_ID) VALUES (215, 'Analyze financial data to help the company make informed decisions.', 'Rs.30,000 - Rs.50,000', 'Chicago', 'Financial Analyst', '2025-05-27', 'Full-Time', 47, 51);
INSERT INTO JOB_POSTING (job_ID, description, salary_Range, location_Preferences, Title, deadline, job_type, company_ID, recruiter_ID) VALUES (216, 'Create and execute marketing strategies for brand growth.', 'Rs.30,000 - Rs.50,000', 'New York', 'Marketing Manager', '2025-05-26', 'Internship', 35, 35);
INSERT INTO JOB_POSTING (job_ID, description, salary_Range, location_Preferences, Title, deadline, job_type, company_ID, recruiter_ID) VALUES (217, 'Analyze data to extract insights and support decision-making.', 'Rs.80,000 - Rs.120,000', 'Los Angeles', 'UI Developer', '2025-06-03', 'Full-Time', 18, 66);
INSERT INTO JOB_POSTING (job_ID, description, salary_Range, location_Preferences, Title, deadline, job_type, company_ID, recruiter_ID) VALUES (218, 'Analyze financial data to help the company make informed decisions.', 'Rs.50,000 - Rs.70,000', 'Chicago', 'Sales Executive', '2025-05-26', 'Full-Time', 17, 66);
INSERT INTO JOB_POSTING (job_ID, description, salary_Range, location_Preferences, Title, deadline, job_type, company_ID, recruiter_ID) VALUES (219, 'Handle sales processes and client relationships.', 'Rs.80,000 - Rs.120,000', 'New York', 'UX Designer', '2025-06-10', 'Full-Time', 32, 62);
INSERT INTO JOB_POSTING (job_ID, description, salary_Range, location_Preferences, Title, deadline, job_type, company_ID, recruiter_ID) VALUES (220, 'Manage projects and coordinate between different teams.', 'Rs.30,000 - Rs.50,000', 'Miami', 'Web Developer', '2025-05-20', 'Internship', 36, 69);
INSERT INTO JOB_POSTING (job_ID, description, salary_Range, location_Preferences, Title, deadline, job_type, company_ID, recruiter_ID) VALUES (221, 'Create and execute marketing strategies for brand growth.', 'Rs.70,000 - Rs.100,000', 'Miami', 'Web Developer', '2025-05-14', 'Full-Time', 6, 52);
INSERT INTO JOB_POSTING (job_ID, description, salary_Range, location_Preferences, Title, deadline, job_type, company_ID, recruiter_ID) VALUES (222, 'Handle sales processes and client relationships.', 'Rs.70,000 - Rs.100,000', 'San Francisco', 'Project Manager', '2025-04-25', 'Internship', 49, 66);
INSERT INTO JOB_POSTING (job_ID, description, salary_Range, location_Preferences, Title, deadline, job_type, company_ID, recruiter_ID) VALUES (223, 'Manage projects and coordinate between different teams.', 'Rs.50,000 - Rs.80,000', 'San Francisco', 'Marketing Manager', '2025-04-28', 'Full-Time', 24, 49);
INSERT INTO JOB_POSTING (job_ID, description, salary_Range, location_Preferences, Title, deadline, job_type, company_ID, recruiter_ID) VALUES (224, 'Handle sales processes and client relationships.', 'Rs.50,000 - Rs.70,000', 'Chicago', 'Financial Analyst', '2025-05-08', 'Internship', 14, 33);
INSERT INTO JOB_POSTING (job_ID, description, salary_Range, location_Preferences, Title, deadline, job_type, company_ID, recruiter_ID) VALUES (225, 'Develop and maintain websites and web applications.', 'Rs.50,000 - Rs.70,000', 'Seattle', 'DevOps Engineer', '2025-05-11', 'Internship', 42, 69);
INSERT INTO JOB_POSTING (job_ID, description, salary_Range, location_Preferences, Title, deadline, job_type, company_ID, recruiter_ID) VALUES (226, 'Analyze data to extract insights and support decision-making.', 'Rs.30,000 - Rs.50,000', 'Seattle', 'UX Designer', '2025-05-01', 'Internship', 43, 51);
INSERT INTO JOB_POSTING (job_ID, description, salary_Range, location_Preferences, Title, deadline, job_type, company_ID, recruiter_ID) VALUES (227, 'Develop and maintain websites and web applications.', 'Rs.70,000 - Rs.100,000', 'New York', 'Software Engineer', '2025-06-15', 'Internship', 43, 35);
INSERT INTO JOB_POSTING (job_ID, description, salary_Range, location_Preferences, Title, deadline, job_type, company_ID, recruiter_ID) VALUES (228, 'Develop and maintain websites and web applications.', 'Rs.30,000 - Rs.50,000', 'Denver', 'DevOps Engineer', '2025-05-22', 'Internship', 43, 33);
INSERT INTO JOB_POSTING (job_ID, description, salary_Range, location_Preferences, Title, deadline, job_type, company_ID, recruiter_ID) VALUES (229, 'Design intuitive user interfaces for web applications.', 'Rs.100,000 - Rs.130,000', 'Boston', 'Financial Analyst', '2025-05-22', 'Internship', 34, 35);
INSERT INTO JOB_POSTING (job_ID, description, salary_Range, location_Preferences, Title, deadline, job_type, company_ID, recruiter_ID) VALUES (230, 'Develop and maintain websites and web applications.', 'Rs.50,000 - Rs.70,000', 'Boston', 'Financial Analyst', '2025-06-14', 'Internship', 26, 69);
INSERT INTO JOB_POSTING (job_ID, description, salary_Range, location_Preferences, Title, deadline, job_type, company_ID, recruiter_ID) VALUES (231, 'Design intuitive user interfaces for web applications.', 'Rs.50,000 - Rs.80,000', 'San Francisco', 'UX Designer', '2025-05-23', 'Internship', 6, 69);
INSERT INTO JOB_POSTING (job_ID, description, salary_Range, location_Preferences, Title, deadline, job_type, company_ID, recruiter_ID) VALUES (232, 'Analyze financial data to help the company make informed decisions.', 'Rs.100,000 - Rs.130,000', 'Dallas', 'Project Manager', '2025-05-27', 'Internship', 23, 51);
INSERT INTO JOB_POSTING (job_ID, description, salary_Range, location_Preferences, Title, deadline, job_type, company_ID, recruiter_ID) VALUES (233, 'Handle sales processes and client relationships.', 'Rs.30,000 - Rs.50,000', 'Boston', 'Data Scientist', '2025-05-10', 'Full-Time', 13, 41);
INSERT INTO JOB_POSTING (job_ID, description, salary_Range, location_Preferences, Title, deadline, job_type, company_ID, recruiter_ID) VALUES (234, 'Oversee HR functions including recruitment and employee relations.', 'Rs.60,000 - Rs.90,000', 'Seattle', 'UX Designer', '2025-04-22', 'Full-Time', 23, 97);
INSERT INTO JOB_POSTING (job_ID, description, salary_Range, location_Preferences, Title, deadline, job_type, company_ID, recruiter_ID) VALUES (235, 'Responsible for software development and maintenance.', 'Rs.80,000 - Rs.120,000', 'Boston', 'DevOps Engineer', '2025-05-09', 'Internship', 19, 51);
INSERT INTO JOB_POSTING (job_ID, description, salary_Range, location_Preferences, Title, deadline, job_type, company_ID, recruiter_ID) VALUES (236, 'Manage product lifecycle from inception to launch.', 'Rs.30,000 - Rs.50,000', 'Los Angeles', 'Marketing Manager', '2025-06-03', 'Full-Time', 27, 36);
INSERT INTO JOB_POSTING (job_ID, description, salary_Range, location_Preferences, Title, deadline, job_type, company_ID, recruiter_ID) VALUES (237, 'Analyze financial data to help the company make informed decisions.', 'Rs.70,000 - Rs.100,000', 'Dallas', 'Product Manager', '2025-06-11', 'Full-Time', 32, 49);
INSERT INTO JOB_POSTING (job_ID, description, salary_Range, location_Preferences, Title, deadline, job_type, company_ID, recruiter_ID) VALUES (238, 'Create and execute marketing strategies for brand growth.', 'Rs.40,000 - Rs.60,000', 'Denver', 'HR Manager', '2025-05-03', 'Internship', 45, 97);
INSERT INTO JOB_POSTING (job_ID, description, salary_Range, location_Preferences, Title, deadline, job_type, company_ID, recruiter_ID) VALUES (239, 'Oversee HR functions including recruitment and employee relations.', 'Rs.40,000 - Rs.60,000', 'Denver', 'Project Manager', '2025-04-23', 'Full-Time', 42, 33);
INSERT INTO JOB_POSTING (job_ID, description, salary_Range, location_Preferences, Title, deadline, job_type, company_ID, recruiter_ID) VALUES (240, 'Create and execute marketing strategies for brand growth.', 'Rs.60,000 - Rs.90,000', 'Denver', 'Project Manager', '2025-05-06', 'Full-Time', 30, 16);
INSERT INTO JOB_POSTING (job_ID, description, salary_Range, location_Preferences, Title, deadline, job_type, company_ID, recruiter_ID) VALUES (241, 'Handle sales processes and client relationships.', 'Rs.60,000 - Rs.90,000', 'Seattle', 'Project Manager', '2025-06-15', 'Internship', 36, 41);
INSERT INTO JOB_POSTING (job_ID, description, salary_Range, location_Preferences, Title, deadline, job_type, company_ID, recruiter_ID) VALUES (242, 'Analyze data to extract insights and support decision-making.', 'Rs.50,000 - Rs.80,000', 'Dallas', 'Financial Analyst', '2025-04-30', 'Internship', 12, 41);
INSERT INTO JOB_POSTING (job_ID, description, salary_Range, location_Preferences, Title, deadline, job_type, company_ID, recruiter_ID) VALUES (243, 'Design intuitive user interfaces for web applications.', 'Rs.80,000 - Rs.120,000', 'Chicago', 'DevOps Engineer', '2025-06-10', 'Internship', 35, 35);
INSERT INTO JOB_POSTING (job_ID, description, salary_Range, location_Preferences, Title, deadline, job_type, company_ID, recruiter_ID) VALUES (244, 'Create and execute marketing strategies for brand growth.', 'Rs.30,000 - Rs.50,000', 'Los Angeles', 'Project Manager', '2025-05-02', 'Full-Time', 50, 69);
INSERT INTO JOB_POSTING (job_ID, description, salary_Range, location_Preferences, Title, deadline, job_type, company_ID, recruiter_ID) VALUES (245, 'Oversee HR functions including recruitment and employee relations.', 'Rs.40,000 - Rs.60,000', 'Dallas', 'Software Engineer', '2025-04-22', 'Internship', 12, 51);
INSERT INTO JOB_POSTING (job_ID, description, salary_Range, location_Preferences, Title, deadline, job_type, company_ID, recruiter_ID) VALUES (246, 'Oversee HR functions including recruitment and employee relations.', 'Rs.30,000 - Rs.50,000', 'Chicago', 'Financial Analyst', '2025-06-17', 'Full-Time', 39, 62);
INSERT INTO JOB_POSTING (job_ID, description, salary_Range, location_Preferences, Title, deadline, job_type, company_ID, recruiter_ID) VALUES (247, 'Create and execute marketing strategies for brand growth.', 'Rs.70,000 - Rs.100,000', 'San Francisco', 'DevOps Engineer', '2025-05-26', 'Internship', 21, 52);
INSERT INTO JOB_POSTING (job_ID, description, salary_Range, location_Preferences, Title, deadline, job_type, company_ID, recruiter_ID) VALUES (248, 'Design intuitive user interfaces for web applications.', 'Rs.60,000 - Rs.90,000', 'Los Angeles', 'Financial Analyst', '2025-05-04', 'Full-Time', 8, 62);
INSERT INTO JOB_POSTING (job_ID, description, salary_Range, location_Preferences, Title, deadline, job_type, company_ID, recruiter_ID) VALUES (249, 'Analyze data to extract insights and support decision-making.', 'Rs.40,000 - Rs.60,000', 'Seattle', 'Software Engineer', '2025-05-07', 'Internship', 45, 11);
INSERT INTO JOB_POSTING (job_ID, description, salary_Range, location_Preferences, Title, deadline, job_type, company_ID, recruiter_ID) VALUES (250, 'Design and develop interactive user interfaces.', 'Rs.50,000 - Rs.70,000', 'Los Angeles', 'UX Designer', '2025-06-15', 'Internship', 36, 49);


select * from JOB_POSTING

--job skills
INSERT INTO JOB_SKILLS (skill_ID, job_ID) VALUES (1, 108);
INSERT INTO JOB_SKILLS (skill_ID, job_ID) VALUES (1, 19);
INSERT INTO JOB_SKILLS (skill_ID, job_ID) VALUES (1, 206);
INSERT INTO JOB_SKILLS (skill_ID, job_ID) VALUES (1, 148);
INSERT INTO JOB_SKILLS (skill_ID, job_ID) VALUES (1, 200);
INSERT INTO JOB_SKILLS (skill_ID, job_ID) VALUES (1, 43);
INSERT INTO JOB_SKILLS (skill_ID, job_ID) VALUES (1, 168);
INSERT INTO JOB_SKILLS (skill_ID, job_ID) VALUES (2, 20);
INSERT INTO JOB_SKILLS (skill_ID, job_ID) VALUES (2, 239);
INSERT INTO JOB_SKILLS (skill_ID, job_ID) VALUES (2, 53);
INSERT INTO JOB_SKILLS (skill_ID, job_ID) VALUES (2, 150);
INSERT INTO JOB_SKILLS (skill_ID, job_ID) VALUES (2, 213);
INSERT INTO JOB_SKILLS (skill_ID, job_ID) VALUES (2, 45);
INSERT INTO JOB_SKILLS (skill_ID, job_ID) VALUES (3, 7);
INSERT INTO JOB_SKILLS (skill_ID, job_ID) VALUES (3, 115);
INSERT INTO JOB_SKILLS (skill_ID, job_ID) VALUES (3, 27);
INSERT INTO JOB_SKILLS (skill_ID, job_ID) VALUES (3, 150);
INSERT INTO JOB_SKILLS (skill_ID, job_ID) VALUES (3, 195);
INSERT INTO JOB_SKILLS (skill_ID, job_ID) VALUES (3, 184);
INSERT INTO JOB_SKILLS (skill_ID, job_ID) VALUES (4, 162);
INSERT INTO JOB_SKILLS (skill_ID, job_ID) VALUES (4, 23);
INSERT INTO JOB_SKILLS (skill_ID, job_ID) VALUES (4, 100);
INSERT INTO JOB_SKILLS (skill_ID, job_ID) VALUES (4, 233);
INSERT INTO JOB_SKILLS (skill_ID, job_ID) VALUES (4, 114);
INSERT INTO JOB_SKILLS (skill_ID, job_ID) VALUES (4, 49);
INSERT INTO JOB_SKILLS (skill_ID, job_ID) VALUES (4, 159);
INSERT INTO JOB_SKILLS (skill_ID, job_ID) VALUES (4, 57);
INSERT INTO JOB_SKILLS (skill_ID, job_ID) VALUES (4, 97);
INSERT INTO JOB_SKILLS (skill_ID, job_ID) VALUES (5, 7);
INSERT INTO JOB_SKILLS (skill_ID, job_ID) VALUES (5, 197);
INSERT INTO JOB_SKILLS (skill_ID, job_ID) VALUES (5, 222);
INSERT INTO JOB_SKILLS (skill_ID, job_ID) VALUES (5, 70);
INSERT INTO JOB_SKILLS (skill_ID, job_ID) VALUES (5, 104);
INSERT INTO JOB_SKILLS (skill_ID, job_ID) VALUES (6, 249);
INSERT INTO JOB_SKILLS (skill_ID, job_ID) VALUES (6, 204);
INSERT INTO JOB_SKILLS (skill_ID, job_ID) VALUES (6, 101);
INSERT INTO JOB_SKILLS (skill_ID, job_ID) VALUES (7, 215);
INSERT INTO JOB_SKILLS (skill_ID, job_ID) VALUES (8, 182);
INSERT INTO JOB_SKILLS (skill_ID, job_ID) VALUES (8, 124);
INSERT INTO JOB_SKILLS (skill_ID, job_ID) VALUES (8, 46);
INSERT INTO JOB_SKILLS (skill_ID, job_ID) VALUES (8, 76);
INSERT INTO JOB_SKILLS (skill_ID, job_ID) VALUES (8, 45);
INSERT INTO JOB_SKILLS (skill_ID, job_ID) VALUES (8, 208);
INSERT INTO JOB_SKILLS (skill_ID, job_ID) VALUES (8, 62);
INSERT INTO JOB_SKILLS (skill_ID, job_ID) VALUES (8, 35);
INSERT INTO JOB_SKILLS (skill_ID, job_ID) VALUES (8, 71);
INSERT INTO JOB_SKILLS (skill_ID, job_ID) VALUES (8, 242);
INSERT INTO JOB_SKILLS (skill_ID, job_ID) VALUES (10, 212);
INSERT INTO JOB_SKILLS (skill_ID, job_ID) VALUES (10, 173);
INSERT INTO JOB_SKILLS (skill_ID, job_ID) VALUES (10, 35);
INSERT INTO JOB_SKILLS (skill_ID, job_ID) VALUES (10, 14);
INSERT INTO JOB_SKILLS (skill_ID, job_ID) VALUES (10, 148);
INSERT INTO JOB_SKILLS (skill_ID, job_ID) VALUES (10, 183);
INSERT INTO JOB_SKILLS (skill_ID, job_ID) VALUES (10, 214);
INSERT INTO JOB_SKILLS (skill_ID, job_ID) VALUES (10, 117);
INSERT INTO JOB_SKILLS (skill_ID, job_ID) VALUES (10, 106);
INSERT INTO JOB_SKILLS (skill_ID, job_ID) VALUES (10, 185);
INSERT INTO JOB_SKILLS (skill_ID, job_ID) VALUES (12, 236);
INSERT INTO JOB_SKILLS (skill_ID, job_ID) VALUES (12, 105);
INSERT INTO JOB_SKILLS (skill_ID, job_ID) VALUES (12, 10);
INSERT INTO JOB_SKILLS (skill_ID, job_ID) VALUES (12, 224);
INSERT INTO JOB_SKILLS (skill_ID, job_ID) VALUES (12, 164);
INSERT INTO JOB_SKILLS (skill_ID, job_ID) VALUES (12, 185);
INSERT INTO JOB_SKILLS (skill_ID, job_ID) VALUES (12, 242);
INSERT INTO JOB_SKILLS (skill_ID, job_ID) VALUES (12, 23);
INSERT INTO JOB_SKILLS (skill_ID, job_ID) VALUES (12, 192);
INSERT INTO JOB_SKILLS (skill_ID, job_ID) VALUES (13, 107);
INSERT INTO JOB_SKILLS (skill_ID, job_ID) VALUES (13, 28);
INSERT INTO JOB_SKILLS (skill_ID, job_ID) VALUES (13, 183);
INSERT INTO JOB_SKILLS (skill_ID, job_ID) VALUES (13, 193);
INSERT INTO JOB_SKILLS (skill_ID, job_ID) VALUES (14, 15);
INSERT INTO JOB_SKILLS (skill_ID, job_ID) VALUES (14, 51);
INSERT INTO JOB_SKILLS (skill_ID, job_ID) VALUES (14, 214);
INSERT INTO JOB_SKILLS (skill_ID, job_ID) VALUES (14, 174);
INSERT INTO JOB_SKILLS (skill_ID, job_ID) VALUES (14, 13);
INSERT INTO JOB_SKILLS (skill_ID, job_ID) VALUES (14, 37);
INSERT INTO JOB_SKILLS (skill_ID, job_ID) VALUES (14, 246);
INSERT INTO JOB_SKILLS (skill_ID, job_ID) VALUES (14, 36);
INSERT INTO JOB_SKILLS (skill_ID, job_ID) VALUES (15, 48);
INSERT INTO JOB_SKILLS (skill_ID, job_ID) VALUES (18, 31);
INSERT INTO JOB_SKILLS (skill_ID, job_ID) VALUES (19, 149);
INSERT INTO JOB_SKILLS (skill_ID, job_ID) VALUES (19, 88);
INSERT INTO JOB_SKILLS (skill_ID, job_ID) VALUES (19, 243);
INSERT INTO JOB_SKILLS (skill_ID, job_ID) VALUES (19, 83);
INSERT INTO JOB_SKILLS (skill_ID, job_ID) VALUES (19, 181);
INSERT INTO JOB_SKILLS (skill_ID, job_ID) VALUES (19, 184);
INSERT INTO JOB_SKILLS (skill_ID, job_ID) VALUES (19, 46);
INSERT INTO JOB_SKILLS (skill_ID, job_ID) VALUES (19, 60);
INSERT INTO JOB_SKILLS (skill_ID, job_ID) VALUES (19, 186);
INSERT INTO JOB_SKILLS (skill_ID, job_ID) VALUES (19, 74);
INSERT INTO JOB_SKILLS (skill_ID, job_ID) VALUES (20, 74);
INSERT INTO JOB_SKILLS (skill_ID, job_ID) VALUES (20, 164);
INSERT INTO JOB_SKILLS (skill_ID, job_ID) VALUES (20, 94);
INSERT INTO JOB_SKILLS (skill_ID, job_ID) VALUES (20, 71);
INSERT INTO JOB_SKILLS (skill_ID, job_ID) VALUES (20, 65);
INSERT INTO JOB_SKILLS (skill_ID, job_ID) VALUES (20, 56);
INSERT INTO JOB_SKILLS (skill_ID, job_ID) VALUES (20, 150);
INSERT INTO JOB_SKILLS (skill_ID, job_ID) VALUES (20, 126);
INSERT INTO JOB_SKILLS (skill_ID, job_ID) VALUES (21, 56);
INSERT INTO JOB_SKILLS (skill_ID, job_ID) VALUES (21, 97);
INSERT INTO JOB_SKILLS (skill_ID, job_ID) VALUES (21, 27);
INSERT INTO JOB_SKILLS (skill_ID, job_ID) VALUES (21, 24);
INSERT INTO JOB_SKILLS (skill_ID, job_ID) VALUES (21, 120);
INSERT INTO JOB_SKILLS (skill_ID, job_ID) VALUES (21, 93);
INSERT INTO JOB_SKILLS (skill_ID, job_ID) VALUES (21, 71);
INSERT INTO JOB_SKILLS (skill_ID, job_ID) VALUES (22, 114);
INSERT INTO JOB_SKILLS (skill_ID, job_ID) VALUES (22, 133);
INSERT INTO JOB_SKILLS (skill_ID, job_ID) VALUES (22, 229);
INSERT INTO JOB_SKILLS (skill_ID, job_ID) VALUES (22, 47);
INSERT INTO JOB_SKILLS (skill_ID, job_ID) VALUES (22, 107);
INSERT INTO JOB_SKILLS (skill_ID, job_ID) VALUES (22, 232);
INSERT INTO JOB_SKILLS (skill_ID, job_ID) VALUES (22, 23);
INSERT INTO JOB_SKILLS (skill_ID, job_ID) VALUES (22, 106);
INSERT INTO JOB_SKILLS (skill_ID, job_ID) VALUES (22, 156);
INSERT INTO JOB_SKILLS (skill_ID, job_ID) VALUES (23, 40);
INSERT INTO JOB_SKILLS (skill_ID, job_ID) VALUES (23, 174);
INSERT INTO JOB_SKILLS (skill_ID, job_ID) VALUES (23, 146);
INSERT INTO JOB_SKILLS (skill_ID, job_ID) VALUES (23, 91);
INSERT INTO JOB_SKILLS (skill_ID, job_ID) VALUES (23, 232);
INSERT INTO JOB_SKILLS (skill_ID, job_ID) VALUES (23, 92);
INSERT INTO JOB_SKILLS (skill_ID, job_ID) VALUES (23, 45);
INSERT INTO JOB_SKILLS (skill_ID, job_ID) VALUES (24, 10);
INSERT INTO JOB_SKILLS (skill_ID, job_ID) VALUES (24, 21);
INSERT INTO JOB_SKILLS (skill_ID, job_ID) VALUES (24, 19);
INSERT INTO JOB_SKILLS (skill_ID, job_ID) VALUES (24, 219);
INSERT INTO JOB_SKILLS (skill_ID, job_ID) VALUES (24, 16);
INSERT INTO JOB_SKILLS (skill_ID, job_ID) VALUES (24, 134);
INSERT INTO JOB_SKILLS (skill_ID, job_ID) VALUES (24, 11);
INSERT INTO JOB_SKILLS (skill_ID, job_ID) VALUES (24, 142);
INSERT INTO JOB_SKILLS (skill_ID, job_ID) VALUES (25, 45);
INSERT INTO JOB_SKILLS (skill_ID, job_ID) VALUES (26, 58);
INSERT INTO JOB_SKILLS (skill_ID, job_ID) VALUES (26, 99);
INSERT INTO JOB_SKILLS (skill_ID, job_ID) VALUES (26, 183);
INSERT INTO JOB_SKILLS (skill_ID, job_ID) VALUES (26, 231);
INSERT INTO JOB_SKILLS (skill_ID, job_ID) VALUES (26, 92);
INSERT INTO JOB_SKILLS (skill_ID, job_ID) VALUES (26, 97);
INSERT INTO JOB_SKILLS (skill_ID, job_ID) VALUES (26, 245);
INSERT INTO JOB_SKILLS (skill_ID, job_ID) VALUES (26, 46);
INSERT INTO JOB_SKILLS (skill_ID, job_ID) VALUES (27, 70);
INSERT INTO JOB_SKILLS (skill_ID, job_ID) VALUES (27, 179);
INSERT INTO JOB_SKILLS (skill_ID, job_ID) VALUES (28, 168);
INSERT INTO JOB_SKILLS (skill_ID, job_ID) VALUES (29, 107);
INSERT INTO JOB_SKILLS (skill_ID, job_ID) VALUES (29, 163);
INSERT INTO JOB_SKILLS (skill_ID, job_ID) VALUES (29, 214);
INSERT INTO JOB_SKILLS (skill_ID, job_ID) VALUES (29, 249);
INSERT INTO JOB_SKILLS (skill_ID, job_ID) VALUES (29, 212);
INSERT INTO JOB_SKILLS (skill_ID, job_ID) VALUES (29, 151);
INSERT INTO JOB_SKILLS (skill_ID, job_ID) VALUES (29, 200);
INSERT INTO JOB_SKILLS (skill_ID, job_ID) VALUES (29, 1);
INSERT INTO JOB_SKILLS (skill_ID, job_ID) VALUES (30, 125);
INSERT INTO JOB_SKILLS (skill_ID, job_ID) VALUES (31, 83);
INSERT INTO JOB_SKILLS (skill_ID, job_ID) VALUES (31, 74);
INSERT INTO JOB_SKILLS (skill_ID, job_ID) VALUES (31, 80);
INSERT INTO JOB_SKILLS (skill_ID, job_ID) VALUES (31, 84);
INSERT INTO JOB_SKILLS (skill_ID, job_ID) VALUES (31, 47);
INSERT INTO JOB_SKILLS (skill_ID, job_ID) VALUES (31, 218);
INSERT INTO JOB_SKILLS (skill_ID, job_ID) VALUES (31, 11);
INSERT INTO JOB_SKILLS (skill_ID, job_ID) VALUES (31, 61);
INSERT INTO JOB_SKILLS (skill_ID, job_ID) VALUES (31, 182);
INSERT INTO JOB_SKILLS (skill_ID, job_ID) VALUES (31, 54);
INSERT INTO JOB_SKILLS (skill_ID, job_ID) VALUES (32, 146);
INSERT INTO JOB_SKILLS (skill_ID, job_ID) VALUES (32, 141);
INSERT INTO JOB_SKILLS (skill_ID, job_ID) VALUES (32, 3);
INSERT INTO JOB_SKILLS (skill_ID, job_ID) VALUES (32, 162);
INSERT INTO JOB_SKILLS (skill_ID, job_ID) VALUES (32, 5);
INSERT INTO JOB_SKILLS (skill_ID, job_ID) VALUES (32, 55);
INSERT INTO JOB_SKILLS (skill_ID, job_ID) VALUES (32, 15);
INSERT INTO JOB_SKILLS (skill_ID, job_ID) VALUES (32, 26);
INSERT INTO JOB_SKILLS (skill_ID, job_ID) VALUES (32, 121);
INSERT INTO JOB_SKILLS (skill_ID, job_ID) VALUES (32, 52);
INSERT INTO JOB_SKILLS (skill_ID, job_ID) VALUES (34, 47);
INSERT INTO JOB_SKILLS (skill_ID, job_ID) VALUES (34, 10);
INSERT INTO JOB_SKILLS (skill_ID, job_ID) VALUES (34, 100);
INSERT INTO JOB_SKILLS (skill_ID, job_ID) VALUES (34, 230);
INSERT INTO JOB_SKILLS (skill_ID, job_ID) VALUES (34, 125);
INSERT INTO JOB_SKILLS (skill_ID, job_ID) VALUES (34, 210);
INSERT INTO JOB_SKILLS (skill_ID, job_ID) VALUES (34, 31);
INSERT INTO JOB_SKILLS (skill_ID, job_ID) VALUES (34, 231);
INSERT INTO JOB_SKILLS (skill_ID, job_ID) VALUES (37, 242);
INSERT INTO JOB_SKILLS (skill_ID, job_ID) VALUES (37, 179);
INSERT INTO JOB_SKILLS (skill_ID, job_ID) VALUES (37, 177);
INSERT INTO JOB_SKILLS (skill_ID, job_ID) VALUES (37, 187);
INSERT INTO JOB_SKILLS (skill_ID, job_ID) VALUES (38, 165);
INSERT INTO JOB_SKILLS (skill_ID, job_ID) VALUES (38, 103);
INSERT INTO JOB_SKILLS (skill_ID, job_ID) VALUES (38, 152);
INSERT INTO JOB_SKILLS (skill_ID, job_ID) VALUES (38, 4);
INSERT INTO JOB_SKILLS (skill_ID, job_ID) VALUES (38, 242);
INSERT INTO JOB_SKILLS (skill_ID, job_ID) VALUES (38, 125);
INSERT INTO JOB_SKILLS (skill_ID, job_ID) VALUES (38, 57);
INSERT INTO JOB_SKILLS (skill_ID, job_ID) VALUES (38, 137);
INSERT INTO JOB_SKILLS (skill_ID, job_ID) VALUES (39, 209);
INSERT INTO JOB_SKILLS (skill_ID, job_ID) VALUES (39, 198);
INSERT INTO JOB_SKILLS (skill_ID, job_ID) VALUES (39, 177);
INSERT INTO JOB_SKILLS (skill_ID, job_ID) VALUES (39, 217);
INSERT INTO JOB_SKILLS (skill_ID, job_ID) VALUES (39, 145);
INSERT INTO JOB_SKILLS (skill_ID, job_ID) VALUES (39, 207);
INSERT INTO JOB_SKILLS (skill_ID, job_ID) VALUES (40, 181);
INSERT INTO JOB_SKILLS (skill_ID, job_ID) VALUES (40, 31);
INSERT INTO JOB_SKILLS (skill_ID, job_ID) VALUES (40, 23);
INSERT INTO JOB_SKILLS (skill_ID, job_ID) VALUES (40, 54);
INSERT INTO JOB_SKILLS (skill_ID, job_ID) VALUES (40, 202);
INSERT INTO JOB_SKILLS (skill_ID, job_ID) VALUES (40, 200);
INSERT INTO JOB_SKILLS (skill_ID, job_ID) VALUES (40, 173);
INSERT INTO JOB_SKILLS (skill_ID, job_ID) VALUES (40, 26);
INSERT INTO JOB_SKILLS (skill_ID, job_ID) VALUES (40, 100);
INSERT INTO JOB_SKILLS (skill_ID, job_ID) VALUES (42, 100);
INSERT INTO JOB_SKILLS (skill_ID, job_ID) VALUES (42, 76);
INSERT INTO JOB_SKILLS (skill_ID, job_ID) VALUES (42, 135);
INSERT INTO JOB_SKILLS (skill_ID, job_ID) VALUES (42, 20);
INSERT INTO JOB_SKILLS (skill_ID, job_ID) VALUES (43, 148);
INSERT INTO JOB_SKILLS (skill_ID, job_ID) VALUES (43, 26);
INSERT INTO JOB_SKILLS (skill_ID, job_ID) VALUES (43, 149);
INSERT INTO JOB_SKILLS (skill_ID, job_ID) VALUES (43, 65);
INSERT INTO JOB_SKILLS (skill_ID, job_ID) VALUES (43, 195);
INSERT INTO JOB_SKILLS (skill_ID, job_ID) VALUES (43, 116);
INSERT INTO JOB_SKILLS (skill_ID, job_ID) VALUES (43, 67);
INSERT INTO JOB_SKILLS (skill_ID, job_ID) VALUES (43, 11);
INSERT INTO JOB_SKILLS (skill_ID, job_ID) VALUES (44, 202);
INSERT INTO JOB_SKILLS (skill_ID, job_ID) VALUES (44, 196);
INSERT INTO JOB_SKILLS (skill_ID, job_ID) VALUES (44, 54);
INSERT INTO JOB_SKILLS (skill_ID, job_ID) VALUES (44, 88);
INSERT INTO JOB_SKILLS (skill_ID, job_ID) VALUES (44, 13);
INSERT INTO JOB_SKILLS (skill_ID, job_ID) VALUES (44, 80);
INSERT INTO JOB_SKILLS (skill_ID, job_ID) VALUES (45, 59);
INSERT INTO JOB_SKILLS (skill_ID, job_ID) VALUES (45, 32);
INSERT INTO JOB_SKILLS (skill_ID, job_ID) VALUES (45, 80);
INSERT INTO JOB_SKILLS (skill_ID, job_ID) VALUES (45, 235);
INSERT INTO JOB_SKILLS (skill_ID, job_ID) VALUES (45, 3);
INSERT INTO JOB_SKILLS (skill_ID, job_ID) VALUES (46, 151);
INSERT INTO JOB_SKILLS (skill_ID, job_ID) VALUES (46, 5);
INSERT INTO JOB_SKILLS (skill_ID, job_ID) VALUES (46, 15);
INSERT INTO JOB_SKILLS (skill_ID, job_ID) VALUES (46, 88);
INSERT INTO JOB_SKILLS (skill_ID, job_ID) VALUES (46, 59);
INSERT INTO JOB_SKILLS (skill_ID, job_ID) VALUES (46, 51);
INSERT INTO JOB_SKILLS (skill_ID, job_ID) VALUES (46, 237);
INSERT INTO JOB_SKILLS (skill_ID, job_ID) VALUES (46, 202);
INSERT INTO JOB_SKILLS (skill_ID, job_ID) VALUES (47, 229);
INSERT INTO JOB_SKILLS (skill_ID, job_ID) VALUES (47, 115);
INSERT INTO JOB_SKILLS (skill_ID, job_ID) VALUES (47, 14);
INSERT INTO JOB_SKILLS (skill_ID, job_ID) VALUES (47, 82);
INSERT INTO JOB_SKILLS (skill_ID, job_ID) VALUES (47, 24);
INSERT INTO JOB_SKILLS (skill_ID, job_ID) VALUES (47, 90);
INSERT INTO JOB_SKILLS (skill_ID, job_ID) VALUES (47, 19);
INSERT INTO JOB_SKILLS (skill_ID, job_ID) VALUES (48, 132);
INSERT INTO JOB_SKILLS (skill_ID, job_ID) VALUES (48, 102);
INSERT INTO JOB_SKILLS (skill_ID, job_ID) VALUES (48, 222);
INSERT INTO JOB_SKILLS (skill_ID, job_ID) VALUES (48, 125);
INSERT INTO JOB_SKILLS (skill_ID, job_ID) VALUES (48, 109);
INSERT INTO JOB_SKILLS (skill_ID, job_ID) VALUES (48, 211);
INSERT INTO JOB_SKILLS (skill_ID, job_ID) VALUES (48, 205);
INSERT INTO JOB_SKILLS (skill_ID, job_ID) VALUES (48, 181);
INSERT INTO JOB_SKILLS (skill_ID, job_ID) VALUES (48, 203);
INSERT INTO JOB_SKILLS (skill_ID, job_ID) VALUES (48, 9);
INSERT INTO JOB_SKILLS (skill_ID, job_ID) VALUES (50, 50);
INSERT INTO JOB_SKILLS (skill_ID, job_ID) VALUES (50, 142);
INSERT INTO JOB_SKILLS (skill_ID, job_ID) VALUES (50, 183);
INSERT INTO JOB_SKILLS (skill_ID, job_ID) VALUES (50, 182);
INSERT INTO JOB_SKILLS (skill_ID, job_ID) VALUES (50, 70);
INSERT INTO JOB_SKILLS (skill_ID, job_ID) VALUES (50, 187);
INSERT INTO JOB_SKILLS (skill_ID, job_ID) VALUES (53, 101);
INSERT INTO JOB_SKILLS (skill_ID, job_ID) VALUES (53, 89);
INSERT INTO JOB_SKILLS (skill_ID, job_ID) VALUES (53, 248);
INSERT INTO JOB_SKILLS (skill_ID, job_ID) VALUES (53, 17);
INSERT INTO JOB_SKILLS (skill_ID, job_ID) VALUES (53, 81);
INSERT INTO JOB_SKILLS (skill_ID, job_ID) VALUES (53, 57);
INSERT INTO JOB_SKILLS (skill_ID, job_ID) VALUES (53, 45);
INSERT INTO JOB_SKILLS (skill_ID, job_ID) VALUES (53, 87);
INSERT INTO JOB_SKILLS (skill_ID, job_ID) VALUES (54, 37);
INSERT INTO JOB_SKILLS (skill_ID, job_ID) VALUES (54, 117);
INSERT INTO JOB_SKILLS (skill_ID, job_ID) VALUES (54, 193);
INSERT INTO JOB_SKILLS (skill_ID, job_ID) VALUES (54, 152);
INSERT INTO JOB_SKILLS (skill_ID, job_ID) VALUES (54, 81);
INSERT INTO JOB_SKILLS (skill_ID, job_ID) VALUES (55, 21);
INSERT INTO JOB_SKILLS (skill_ID, job_ID) VALUES (55, 246);
INSERT INTO JOB_SKILLS (skill_ID, job_ID) VALUES (55, 84);
INSERT INTO JOB_SKILLS (skill_ID, job_ID) VALUES (55, 125);
INSERT INTO JOB_SKILLS (skill_ID, job_ID) VALUES (55, 23);
INSERT INTO JOB_SKILLS (skill_ID, job_ID) VALUES (55, 26);
INSERT INTO JOB_SKILLS (skill_ID, job_ID) VALUES (56, 175);
INSERT INTO JOB_SKILLS (skill_ID, job_ID) VALUES (56, 9);
INSERT INTO JOB_SKILLS (skill_ID, job_ID) VALUES (56, 16);
INSERT INTO JOB_SKILLS (skill_ID, job_ID) VALUES (56, 211);
INSERT INTO JOB_SKILLS (skill_ID, job_ID) VALUES (57, 7);
INSERT INTO JOB_SKILLS (skill_ID, job_ID) VALUES (57, 197);
INSERT INTO JOB_SKILLS (skill_ID, job_ID) VALUES (57, 25);
INSERT INTO JOB_SKILLS (skill_ID, job_ID) VALUES (58, 125);
INSERT INTO JOB_SKILLS (skill_ID, job_ID) VALUES (58, 33);
INSERT INTO JOB_SKILLS (skill_ID, job_ID) VALUES (58, 225);
INSERT INTO JOB_SKILLS (skill_ID, job_ID) VALUES (58, 195);
INSERT INTO JOB_SKILLS (skill_ID, job_ID) VALUES (58, 152);
INSERT INTO JOB_SKILLS (skill_ID, job_ID) VALUES (58, 93);
INSERT INTO JOB_SKILLS (skill_ID, job_ID) VALUES (58, 68);
INSERT INTO JOB_SKILLS (skill_ID, job_ID) VALUES (58, 220);
INSERT INTO JOB_SKILLS (skill_ID, job_ID) VALUES (58, 235);
INSERT INTO JOB_SKILLS (skill_ID, job_ID) VALUES (58, 250);
INSERT INTO JOB_SKILLS (skill_ID, job_ID) VALUES (59, 124);
INSERT INTO JOB_SKILLS (skill_ID, job_ID) VALUES (59, 74);
INSERT INTO JOB_SKILLS (skill_ID, job_ID) VALUES (60, 217);
INSERT INTO JOB_SKILLS (skill_ID, job_ID) VALUES (60, 85);
INSERT INTO JOB_SKILLS (skill_ID, job_ID) VALUES (60, 159);
INSERT INTO JOB_SKILLS (skill_ID, job_ID) VALUES (60, 13);
INSERT INTO JOB_SKILLS (skill_ID, job_ID) VALUES (60, 76);
INSERT INTO JOB_SKILLS (skill_ID, job_ID) VALUES (60, 116);
INSERT INTO JOB_SKILLS (skill_ID, job_ID) VALUES (60, 35);
INSERT INTO JOB_SKILLS (skill_ID, job_ID) VALUES (60, 113);



select * from JOB_SKILLS

select recruiter_id from RECRUITER

--applications

INSERT INTO APPLICATION (application_ID, status, applied_Date, applicant_ID, job_ID, recruiter_ID) VALUES (232, 'Accepted', '2024-08-25', 1, 132, 52);
INSERT INTO APPLICATION (application_ID, status, applied_Date, applicant_ID, job_ID, recruiter_ID) VALUES (308, 'Pending', '2024-09-30', 2, 108, 33);
INSERT INTO APPLICATION (application_ID, status, applied_Date, applicant_ID, job_ID, recruiter_ID) VALUES (311, 'Rejected', '2024-11-08', 3, 11, 35);
INSERT INTO APPLICATION (application_ID, status, applied_Date, applicant_ID, job_ID, recruiter_ID) VALUES (530, 'Accepted', '2024-05-24', 3, 230, 62);
INSERT INTO APPLICATION (application_ID, status, applied_Date, applicant_ID, job_ID, recruiter_ID) VALUES (550, 'Accepted', '2024-06-07', 3, 250, 51);
INSERT INTO APPLICATION (application_ID, status, applied_Date, applicant_ID, job_ID, recruiter_ID) VALUES (463, 'Rejected', '2024-09-20', 3, 163, 52);
INSERT INTO APPLICATION (application_ID, status, applied_Date, applicant_ID, job_ID, recruiter_ID) VALUES (317, 'Accepted', '2024-09-29', 3, 17, 49);
INSERT INTO APPLICATION (application_ID, status, applied_Date, applicant_ID, job_ID, recruiter_ID) VALUES (427, 'Rejected', '2024-08-24', 4, 27, 97);
INSERT INTO APPLICATION (application_ID, status, applied_Date, applicant_ID, job_ID, recruiter_ID) VALUES (624, 'Pending', '2024-06-13', 5, 124, 36);
INSERT INTO APPLICATION (application_ID, status, applied_Date, applicant_ID, job_ID, recruiter_ID) VALUES (686, 'Accepted', '2024-07-14', 5, 186, 52);
INSERT INTO APPLICATION (application_ID, status, applied_Date, applicant_ID, job_ID, recruiter_ID) VALUES (676, 'Accepted', '2024-01-06', 6, 76, 36);
INSERT INTO APPLICATION (application_ID, status, applied_Date, applicant_ID, job_ID, recruiter_ID) VALUES (706, 'Rejected', '2024-04-03', 6, 106, 66);
INSERT INTO APPLICATION (application_ID, status, applied_Date, applicant_ID, job_ID, recruiter_ID) VALUES (830, 'Rejected', '2024-04-10', 6, 230, 69);
INSERT INTO APPLICATION (application_ID, status, applied_Date, applicant_ID, job_ID, recruiter_ID) VALUES (763, 'Accepted', '2024-02-21', 7, 63, 11);
INSERT INTO APPLICATION (application_ID, status, applied_Date, applicant_ID, job_ID, recruiter_ID) VALUES (912, 'Accepted', '2024-02-20', 7, 212, 66);
INSERT INTO APPLICATION (application_ID, status, applied_Date, applicant_ID, job_ID, recruiter_ID) VALUES (868, 'Accepted', '2024-10-28', 7, 168, 97);
INSERT INTO APPLICATION (application_ID, status, applied_Date, applicant_ID, job_ID, recruiter_ID) VALUES (793, 'Pending', '2024-05-17', 7, 93, 11);
INSERT INTO APPLICATION (application_ID, status, applied_Date, applicant_ID, job_ID, recruiter_ID) VALUES (943, 'Pending', '2024-02-22', 8, 143, 52);
INSERT INTO APPLICATION (application_ID, status, applied_Date, applicant_ID, job_ID, recruiter_ID) VALUES (1009, 'Pending', '2024-05-12', 8, 209, 11);
INSERT INTO APPLICATION (application_ID, status, applied_Date, applicant_ID, job_ID, recruiter_ID) VALUES (830, 'Rejected', '2024-04-17', 8, 30, 36);
INSERT INTO APPLICATION (application_ID, status, applied_Date, applicant_ID, job_ID, recruiter_ID) VALUES (1161, 'Rejected', '2024-04-08', 10, 161, 69);
INSERT INTO APPLICATION (application_ID, status, applied_Date, applicant_ID, job_ID, recruiter_ID) VALUES (1208, 'Pending', '2024-04-21', 10, 208, 62);
INSERT INTO APPLICATION (application_ID, status, applied_Date, applicant_ID, job_ID, recruiter_ID) VALUES (1231, 'Pending', '2024-12-09', 10, 231, 66);
INSERT INTO APPLICATION (application_ID, status, applied_Date, applicant_ID, job_ID, recruiter_ID) VALUES (1272, 'Accepted', '2024-11-27', 12, 72, 66);
INSERT INTO APPLICATION (application_ID, status, applied_Date, applicant_ID, job_ID, recruiter_ID) VALUES (1374, 'Accepted', '2024-01-29', 12, 174, 33);
INSERT INTO APPLICATION (application_ID, status, applied_Date, applicant_ID, job_ID, recruiter_ID) VALUES (1284, 'Accepted', '2024-03-02', 12, 84, 62);
INSERT INTO APPLICATION (application_ID, status, applied_Date, applicant_ID, job_ID, recruiter_ID) VALUES (1506, 'Accepted', '2024-08-30', 13, 206, 88);
INSERT INTO APPLICATION (application_ID, status, applied_Date, applicant_ID, job_ID, recruiter_ID) VALUES (1317, 'Pending', '2024-07-01', 13, 17, 35);
INSERT INTO APPLICATION (application_ID, status, applied_Date, applicant_ID, job_ID, recruiter_ID) VALUES (1310, 'Rejected', '2024-05-06', 13, 10, 35);
INSERT INTO APPLICATION (application_ID, status, applied_Date, applicant_ID, job_ID, recruiter_ID) VALUES (1452, 'Accepted', '2024-06-19', 13, 152, 11);
INSERT INTO APPLICATION (application_ID, status, applied_Date, applicant_ID, job_ID, recruiter_ID) VALUES (1464, 'Pending', '2024-03-02', 14, 64, 33);
INSERT INTO APPLICATION (application_ID, status, applied_Date, applicant_ID, job_ID, recruiter_ID) VALUES (1495, 'Accepted', '2024-12-10', 14, 95, 35);
INSERT INTO APPLICATION (application_ID, status, applied_Date, applicant_ID, job_ID, recruiter_ID) VALUES (1571, 'Accepted', '2024-08-01', 14, 171, 51);
INSERT INTO APPLICATION (application_ID, status, applied_Date, applicant_ID, job_ID, recruiter_ID) VALUES (1586, 'Accepted', '2024-06-14', 14, 186, 36);
INSERT INTO APPLICATION (application_ID, status, applied_Date, applicant_ID, job_ID, recruiter_ID) VALUES (1504, 'Pending', '2024-11-06', 15, 4, 52);
INSERT INTO APPLICATION (application_ID, status, applied_Date, applicant_ID, job_ID, recruiter_ID) VALUES (1515, 'Accepted', '2024-08-28', 15, 15, 69);
INSERT INTO APPLICATION (application_ID, status, applied_Date, applicant_ID, job_ID, recruiter_ID) VALUES (1600, 'Rejected', '2024-06-07', 15, 100, 35);
INSERT INTO APPLICATION (application_ID, status, applied_Date, applicant_ID, job_ID, recruiter_ID) VALUES (1507, 'Rejected', '2024-05-14', 15, 7, 36);
INSERT INTO APPLICATION (application_ID, status, applied_Date, applicant_ID, job_ID, recruiter_ID) VALUES (1633, 'Rejected', '2024-12-25', 15, 133, 69);
INSERT INTO APPLICATION (application_ID, status, applied_Date, applicant_ID, job_ID, recruiter_ID) VALUES (1871, 'Accepted', '2024-01-22', 18, 71, 11);
INSERT INTO APPLICATION (application_ID, status, applied_Date, applicant_ID, job_ID, recruiter_ID) VALUES (1804, 'Accepted', '2024-06-11', 18, 4, 85);
INSERT INTO APPLICATION (application_ID, status, applied_Date, applicant_ID, job_ID, recruiter_ID) VALUES (2042, 'Rejected', '2024-06-15', 18, 242, 66);
INSERT INTO APPLICATION (application_ID, status, applied_Date, applicant_ID, job_ID, recruiter_ID) VALUES (1812, 'Rejected', '2024-01-15', 18, 12, 36);
INSERT INTO APPLICATION (application_ID, status, applied_Date, applicant_ID, job_ID, recruiter_ID) VALUES (2120, 'Rejected', '2024-07-11', 19, 220, 41);
INSERT INTO APPLICATION (application_ID, status, applied_Date, applicant_ID, job_ID, recruiter_ID) VALUES (1972, 'Accepted', '2024-10-02', 19, 72, 62);
INSERT INTO APPLICATION (application_ID, status, applied_Date, applicant_ID, job_ID, recruiter_ID) VALUES (2095, 'Accepted', '2024-10-05', 19, 195, 88);
INSERT INTO APPLICATION (application_ID, status, applied_Date, applicant_ID, job_ID, recruiter_ID) VALUES (2079, 'Pending', '2024-09-04', 19, 179, 62);
INSERT INTO APPLICATION (application_ID, status, applied_Date, applicant_ID, job_ID, recruiter_ID) VALUES (2071, 'Pending', '2024-12-19', 19, 171, 69);
INSERT INTO APPLICATION (application_ID, status, applied_Date, applicant_ID, job_ID, recruiter_ID) VALUES (2172, 'Accepted', '2024-06-06', 20, 172, 51);
INSERT INTO APPLICATION (application_ID, status, applied_Date, applicant_ID, job_ID, recruiter_ID) VALUES (2158, 'Pending', '2024-11-09', 21, 58, 97);
INSERT INTO APPLICATION (application_ID, status, applied_Date, applicant_ID, job_ID, recruiter_ID) VALUES (2251, 'Accepted', '2024-06-19', 21, 151, 66);
INSERT INTO APPLICATION (application_ID, status, applied_Date, applicant_ID, job_ID, recruiter_ID) VALUES (2206, 'Rejected', '2024-04-29', 21, 106, 36);
INSERT INTO APPLICATION (application_ID, status, applied_Date, applicant_ID, job_ID, recruiter_ID) VALUES (2106, 'Accepted', '2024-05-09', 21, 6, 62);
INSERT INTO APPLICATION (application_ID, status, applied_Date, applicant_ID, job_ID, recruiter_ID) VALUES (2165, 'Pending', '2024-03-15', 21, 65, 85);
INSERT INTO APPLICATION (application_ID, status, applied_Date, applicant_ID, job_ID, recruiter_ID) VALUES (2342, 'Accepted', '2024-04-15', 22, 142, 33);
INSERT INTO APPLICATION (application_ID, status, applied_Date, applicant_ID, job_ID, recruiter_ID) VALUES (2246, 'Pending', '2024-11-12', 22, 46, 51);
INSERT INTO APPLICATION (application_ID, status, applied_Date, applicant_ID, job_ID, recruiter_ID) VALUES (2396, 'Accepted', '2024-05-17', 22, 196, 11);
INSERT INTO APPLICATION (application_ID, status, applied_Date, applicant_ID, job_ID, recruiter_ID) VALUES (2309, 'Pending', '2024-06-24', 22, 109, 62);
INSERT INTO APPLICATION (application_ID, status, applied_Date, applicant_ID, job_ID, recruiter_ID) VALUES (2326, 'Rejected', '2024-10-26', 22, 126, 62);
INSERT INTO APPLICATION (application_ID, status, applied_Date, applicant_ID, job_ID, recruiter_ID) VALUES (2534, 'Pending', '2024-10-12', 23, 234, 36);
INSERT INTO APPLICATION (application_ID, status, applied_Date, applicant_ID, job_ID, recruiter_ID) VALUES (2509, 'Accepted', '2024-09-23', 23, 209, 16);
INSERT INTO APPLICATION (application_ID, status, applied_Date, applicant_ID, job_ID, recruiter_ID) VALUES (2481, 'Rejected', '2024-11-24', 24, 81, 41);
INSERT INTO APPLICATION (application_ID, status, applied_Date, applicant_ID, job_ID, recruiter_ID) VALUES (2650, 'Accepted', '2024-05-31', 24, 250, 85);
INSERT INTO APPLICATION (application_ID, status, applied_Date, applicant_ID, job_ID, recruiter_ID) VALUES (2558, 'Pending', '2024-06-08', 25, 58, 41);
INSERT INTO APPLICATION (application_ID, status, applied_Date, applicant_ID, job_ID, recruiter_ID) VALUES (2650, 'Rejected', '2024-03-14', 25, 150, 33);
INSERT INTO APPLICATION (application_ID, status, applied_Date, applicant_ID, job_ID, recruiter_ID) VALUES (2520, 'Rejected', '2024-02-19', 25, 20, 36);
INSERT INTO APPLICATION (application_ID, status, applied_Date, applicant_ID, job_ID, recruiter_ID) VALUES (2642, 'Pending', '2024-05-05', 25, 142, 52);
INSERT INTO APPLICATION (application_ID, status, applied_Date, applicant_ID, job_ID, recruiter_ID) VALUES (2613, 'Accepted', '2024-09-08', 25, 113, 88);
INSERT INTO APPLICATION (application_ID, status, applied_Date, applicant_ID, job_ID, recruiter_ID) VALUES (2787, 'Accepted', '2024-06-01', 26, 187, 36);
INSERT INTO APPLICATION (application_ID, status, applied_Date, applicant_ID, job_ID, recruiter_ID) VALUES (2895, 'Pending', '2024-09-12', 27, 195, 62);
INSERT INTO APPLICATION (application_ID, status, applied_Date, applicant_ID, job_ID, recruiter_ID) VALUES (2792, 'Rejected', '2024-07-23', 27, 92, 66);
INSERT INTO APPLICATION (application_ID, status, applied_Date, applicant_ID, job_ID, recruiter_ID) VALUES (2851, 'Pending', '2024-02-20', 28, 51, 35);
INSERT INTO APPLICATION (application_ID, status, applied_Date, applicant_ID, job_ID, recruiter_ID) VALUES (2879, 'Accepted', '2024-07-05', 28, 79, 36);
INSERT INTO APPLICATION (application_ID, status, applied_Date, applicant_ID, job_ID, recruiter_ID) VALUES (2925, 'Rejected', '2024-10-21', 28, 125, 69);
INSERT INTO APPLICATION (application_ID, status, applied_Date, applicant_ID, job_ID, recruiter_ID) VALUES (2804, 'Accepted', '2024-12-02', 28, 4, 62);
INSERT INTO APPLICATION (application_ID, status, applied_Date, applicant_ID, job_ID, recruiter_ID) VALUES (2819, 'Accepted', '2024-08-01', 28, 19, 35);
INSERT INTO APPLICATION (application_ID, status, applied_Date, applicant_ID, job_ID, recruiter_ID) VALUES (3027, 'Rejected', '2024-05-19', 29, 127, 88);
INSERT INTO APPLICATION (application_ID, status, applied_Date, applicant_ID, job_ID, recruiter_ID) VALUES (3064, 'Pending', '2024-07-18', 29, 164, 49);
INSERT INTO APPLICATION (application_ID, status, applied_Date, applicant_ID, job_ID, recruiter_ID) VALUES (2917, 'Accepted', '2024-07-19', 29, 17, 52);
INSERT INTO APPLICATION (application_ID, status, applied_Date, applicant_ID, job_ID, recruiter_ID) VALUES (3119, 'Accepted', '2024-07-29', 30, 119, 33);
INSERT INTO APPLICATION (application_ID, status, applied_Date, applicant_ID, job_ID, recruiter_ID) VALUES (3067, 'Pending', '2024-07-17', 30, 67, 88);
INSERT INTO APPLICATION (application_ID, status, applied_Date, applicant_ID, job_ID, recruiter_ID) VALUES (3063, 'Rejected', '2024-07-27', 30, 63, 62);
INSERT INTO APPLICATION (application_ID, status, applied_Date, applicant_ID, job_ID, recruiter_ID) VALUES (3182, 'Rejected', '2024-11-18', 31, 82, 49);
INSERT INTO APPLICATION (application_ID, status, applied_Date, applicant_ID, job_ID, recruiter_ID) VALUES (3287, 'Rejected', '2024-01-28', 31, 187, 36);
INSERT INTO APPLICATION (application_ID, status, applied_Date, applicant_ID, job_ID, recruiter_ID) VALUES (3229, 'Accepted', '2024-07-05', 31, 129, 11);
INSERT INTO APPLICATION (application_ID, status, applied_Date, applicant_ID, job_ID, recruiter_ID) VALUES (3167, 'Pending', '2024-05-08', 31, 67, 49);
INSERT INTO APPLICATION (application_ID, status, applied_Date, applicant_ID, job_ID, recruiter_ID) VALUES (3284, 'Rejected', '2024-01-09', 31, 184, 35);
INSERT INTO APPLICATION (application_ID, status, applied_Date, applicant_ID, job_ID, recruiter_ID) VALUES (3226, 'Pending', '2024-03-24', 32, 26, 33);
INSERT INTO APPLICATION (application_ID, status, applied_Date, applicant_ID, job_ID, recruiter_ID) VALUES (3329, 'Pending', '2024-10-24', 32, 129, 41);
INSERT INTO APPLICATION (application_ID, status, applied_Date, applicant_ID, job_ID, recruiter_ID) VALUES (3440, 'Pending', '2024-03-03', 32, 240, 16);
INSERT INTO APPLICATION (application_ID, status, applied_Date, applicant_ID, job_ID, recruiter_ID) VALUES (3208, 'Accepted', '2024-05-01', 32, 8, 11);
INSERT INTO APPLICATION (application_ID, status, applied_Date, applicant_ID, job_ID, recruiter_ID) VALUES (3312, 'Accepted', '2024-04-02', 32, 112, 11);
INSERT INTO APPLICATION (application_ID, status, applied_Date, applicant_ID, job_ID, recruiter_ID) VALUES (3408, 'Accepted', '2024-03-19', 34, 8, 85);
INSERT INTO APPLICATION (application_ID, status, applied_Date, applicant_ID, job_ID, recruiter_ID) VALUES (3707, 'Accepted', '2024-05-24', 37, 7, 97);
INSERT INTO APPLICATION (application_ID, status, applied_Date, applicant_ID, job_ID, recruiter_ID) VALUES (3758, 'Accepted', '2024-03-25', 37, 58, 41);
INSERT INTO APPLICATION (application_ID, status, applied_Date, applicant_ID, job_ID, recruiter_ID) VALUES (3733, 'Rejected', '2024-12-03', 37, 33, 41);
INSERT INTO APPLICATION (application_ID, status, applied_Date, applicant_ID, job_ID, recruiter_ID) VALUES (3803, 'Rejected', '2024-10-24', 37, 103, 66);
INSERT INTO APPLICATION (application_ID, status, applied_Date, applicant_ID, job_ID, recruiter_ID) VALUES (3862, 'Pending', '2024-12-04', 38, 62, 16);
INSERT INTO APPLICATION (application_ID, status, applied_Date, applicant_ID, job_ID, recruiter_ID) VALUES (4038, 'Accepted', '2024-01-22', 38, 238, 97);
INSERT INTO APPLICATION (application_ID, status, applied_Date, applicant_ID, job_ID, recruiter_ID) VALUES (3917, 'Rejected', '2024-08-19', 38, 117, 52);
INSERT INTO APPLICATION (application_ID, status, applied_Date, applicant_ID, job_ID, recruiter_ID) VALUES (4102, 'Pending', '2024-12-25', 39, 202, 16);
INSERT INTO APPLICATION (application_ID, status, applied_Date, applicant_ID, job_ID, recruiter_ID) VALUES (3905, 'Rejected', '2024-03-18', 39, 5, 16);
INSERT INTO APPLICATION (application_ID, status, applied_Date, applicant_ID, job_ID, recruiter_ID) VALUES (4114, 'Accepted', '2024-11-28', 40, 114, 69);
INSERT INTO APPLICATION (application_ID, status, applied_Date, applicant_ID, job_ID, recruiter_ID) VALUES (4417, 'Accepted', '2024-06-06', 42, 217, 41);
INSERT INTO APPLICATION (application_ID, status, applied_Date, applicant_ID, job_ID, recruiter_ID) VALUES (4408, 'Pending', '2024-10-22', 42, 208, 41);
INSERT INTO APPLICATION (application_ID, status, applied_Date, applicant_ID, job_ID, recruiter_ID) VALUES (4296, 'Rejected', '2024-10-17', 42, 96, 36);
INSERT INTO APPLICATION (application_ID, status, applied_Date, applicant_ID, job_ID, recruiter_ID) VALUES (4323, 'Rejected', '2024-11-09', 42, 123, 11);
INSERT INTO APPLICATION (application_ID, status, applied_Date, applicant_ID, job_ID, recruiter_ID) VALUES (4410, 'Accepted', '2024-01-15', 43, 110, 49);
INSERT INTO APPLICATION (application_ID, status, applied_Date, applicant_ID, job_ID, recruiter_ID) VALUES (4518, 'Rejected', '2024-05-26', 43, 218, 97);
INSERT INTO APPLICATION (application_ID, status, applied_Date, applicant_ID, job_ID, recruiter_ID) VALUES (4486, 'Accepted', '2024-01-02', 43, 186, 33);
INSERT INTO APPLICATION (application_ID, status, applied_Date, applicant_ID, job_ID, recruiter_ID) VALUES (4466, 'Pending', '2024-04-26', 44, 66, 85);
INSERT INTO APPLICATION (application_ID, status, applied_Date, applicant_ID, job_ID, recruiter_ID) VALUES (4554, 'Rejected', '2024-07-20', 44, 154, 52);
INSERT INTO APPLICATION (application_ID, status, applied_Date, applicant_ID, job_ID, recruiter_ID) VALUES (4481, 'Pending', '2024-11-06', 44, 81, 62);
INSERT INTO APPLICATION (application_ID, status, applied_Date, applicant_ID, job_ID, recruiter_ID) VALUES (4501, 'Rejected', '2024-12-29', 45, 1, 11);
INSERT INTO APPLICATION (application_ID, status, applied_Date, applicant_ID, job_ID, recruiter_ID) VALUES (4671, 'Pending', '2024-05-16', 45, 171, 49);
INSERT INTO APPLICATION (application_ID, status, applied_Date, applicant_ID, job_ID, recruiter_ID) VALUES (4734, 'Rejected', '2024-01-14', 45, 234, 36);
INSERT INTO APPLICATION (application_ID, status, applied_Date, applicant_ID, job_ID, recruiter_ID) VALUES (4554, 'Accepted', '2024-02-04', 45, 54, 62);
INSERT INTO APPLICATION (application_ID, status, applied_Date, applicant_ID, job_ID, recruiter_ID) VALUES (4547, 'Accepted', '2024-11-17', 45, 47, 41);
INSERT INTO APPLICATION (application_ID, status, applied_Date, applicant_ID, job_ID, recruiter_ID) VALUES (4678, 'Rejected', '2024-07-05', 46, 78, 11);
INSERT INTO APPLICATION (application_ID, status, applied_Date, applicant_ID, job_ID, recruiter_ID) VALUES (4802, 'Rejected', '2024-10-17', 46, 202, 51);
INSERT INTO APPLICATION (application_ID, status, applied_Date, applicant_ID, job_ID, recruiter_ID) VALUES (4849, 'Pending', '2024-11-06', 46, 249, 97);
INSERT INTO APPLICATION (application_ID, status, applied_Date, applicant_ID, job_ID, recruiter_ID) VALUES (4762, 'Accepted', '2024-03-06', 46, 162, 51);
INSERT INTO APPLICATION (application_ID, status, applied_Date, applicant_ID, job_ID, recruiter_ID) VALUES (4616, 'Accepted', '2024-12-04', 46, 16, 52);
INSERT INTO APPLICATION (application_ID, status, applied_Date, applicant_ID, job_ID, recruiter_ID) VALUES (4729, 'Accepted', '2024-08-28', 47, 29, 97);
INSERT INTO APPLICATION (application_ID, status, applied_Date, applicant_ID, job_ID, recruiter_ID) VALUES (4770, 'Pending', '2024-11-07', 47, 70, 52);
INSERT INTO APPLICATION (application_ID, status, applied_Date, applicant_ID, job_ID, recruiter_ID) VALUES (4995, 'Accepted', '2024-01-11', 48, 195, 35);
INSERT INTO APPLICATION (application_ID, status, applied_Date, applicant_ID, job_ID, recruiter_ID) VALUES (4834, 'Accepted', '2024-12-30', 48, 34, 16);
INSERT INTO APPLICATION (application_ID, status, applied_Date, applicant_ID, job_ID, recruiter_ID) VALUES (4879, 'Pending', '2024-12-02', 48, 79, 62);
INSERT INTO APPLICATION (application_ID, status, applied_Date, applicant_ID, job_ID, recruiter_ID) VALUES (4910, 'Accepted', '2024-02-16', 48, 110, 41);
INSERT INTO APPLICATION (application_ID, status, applied_Date, applicant_ID, job_ID, recruiter_ID) VALUES (5150, 'Pending', '2024-07-25', 50, 150, 41);
INSERT INTO APPLICATION (application_ID, status, applied_Date, applicant_ID, job_ID, recruiter_ID) VALUES (5125, 'Rejected', '2024-06-17', 50, 125, 35);
INSERT INTO APPLICATION (application_ID, status, applied_Date, applicant_ID, job_ID, recruiter_ID) VALUES (5004, 'Pending', '2024-09-09', 50, 4, 11);
INSERT INTO APPLICATION (application_ID, status, applied_Date, applicant_ID, job_ID, recruiter_ID) VALUES (5245, 'Accepted', '2024-09-25', 50, 245, 52);
INSERT INTO APPLICATION (application_ID, status, applied_Date, applicant_ID, job_ID, recruiter_ID) VALUES (5069, 'Accepted', '2024-04-14', 50, 69, 51);
INSERT INTO APPLICATION (application_ID, status, applied_Date, applicant_ID, job_ID, recruiter_ID) VALUES (5322, 'Pending', '2024-02-26', 53, 22, 33);
INSERT INTO APPLICATION (application_ID, status, applied_Date, applicant_ID, job_ID, recruiter_ID) VALUES (5311, 'Rejected', '2024-01-31', 53, 11, 49);
INSERT INTO APPLICATION (application_ID, status, applied_Date, applicant_ID, job_ID, recruiter_ID) VALUES (5430, 'Rejected', '2024-12-03', 53, 130, 97);
INSERT INTO APPLICATION (application_ID, status, applied_Date, applicant_ID, job_ID, recruiter_ID) VALUES (5402, 'Rejected', '2024-01-26', 53, 102, 62);
INSERT INTO APPLICATION (application_ID, status, applied_Date, applicant_ID, job_ID, recruiter_ID) VALUES (5310, 'Rejected', '2024-01-06', 53, 10, 62);
INSERT INTO APPLICATION (application_ID, status, applied_Date, applicant_ID, job_ID, recruiter_ID) VALUES (5414, 'Pending', '2024-05-14', 54, 14, 49);
INSERT INTO APPLICATION (application_ID, status, applied_Date, applicant_ID, job_ID, recruiter_ID) VALUES (5455, 'Rejected', '2024-04-23', 54, 55, 51);
INSERT INTO APPLICATION (application_ID, status, applied_Date, applicant_ID, job_ID, recruiter_ID) VALUES (5452, 'Pending', '2024-10-10', 54, 52, 52);
INSERT INTO APPLICATION (application_ID, status, applied_Date, applicant_ID, job_ID, recruiter_ID) VALUES (5506, 'Pending', '2024-09-24', 54, 106, 36);
INSERT INTO APPLICATION (application_ID, status, applied_Date, applicant_ID, job_ID, recruiter_ID) VALUES (5434, 'Rejected', '2024-06-07', 54, 34, 11);
INSERT INTO APPLICATION (application_ID, status, applied_Date, applicant_ID, job_ID, recruiter_ID) VALUES (5657, 'Rejected', '2024-01-31', 55, 157, 69);
INSERT INTO APPLICATION (application_ID, status, applied_Date, applicant_ID, job_ID, recruiter_ID) VALUES (5567, 'Rejected', '2024-09-24', 55, 67, 33);
INSERT INTO APPLICATION (application_ID, status, applied_Date, applicant_ID, job_ID, recruiter_ID) VALUES (5641, 'Rejected', '2024-05-10', 55, 141, 35);
INSERT INTO APPLICATION (application_ID, status, applied_Date, applicant_ID, job_ID, recruiter_ID) VALUES (5711, 'Pending', '2024-04-28', 55, 211, 69);
INSERT INTO APPLICATION (application_ID, status, applied_Date, applicant_ID, job_ID, recruiter_ID) VALUES (5639, 'Accepted', '2024-03-18', 56, 39, 52);
INSERT INTO APPLICATION (application_ID, status, applied_Date, applicant_ID, job_ID, recruiter_ID) VALUES (5847, 'Pending', '2024-11-06', 56, 247, 97);
INSERT INTO APPLICATION (application_ID, status, applied_Date, applicant_ID, job_ID, recruiter_ID) VALUES (5915, 'Accepted', '2024-05-04', 57, 215, 33);
INSERT INTO APPLICATION (application_ID, status, applied_Date, applicant_ID, job_ID, recruiter_ID) VALUES (5839, 'Pending', '2024-12-15', 57, 139, 41);
INSERT INTO APPLICATION (application_ID, status, applied_Date, applicant_ID, job_ID, recruiter_ID) VALUES (5855, 'Accepted', '2024-01-16', 57, 155, 69);
INSERT INTO APPLICATION (application_ID, status, applied_Date, applicant_ID, job_ID, recruiter_ID) VALUES (5953, 'Pending', '2024-08-13', 58, 153, 66);
INSERT INTO APPLICATION (application_ID, status, applied_Date, applicant_ID, job_ID, recruiter_ID) VALUES (5818, 'Pending', '2024-03-25', 58, 18, 41);
INSERT INTO APPLICATION (application_ID, status, applied_Date, applicant_ID, job_ID, recruiter_ID) VALUES (5802, 'Accepted', '2024-07-14', 58, 2, 16);
INSERT INTO APPLICATION (application_ID, status, applied_Date, applicant_ID, job_ID, recruiter_ID) VALUES (6101, 'Accepted', '2024-04-14', 59, 201, 85);
INSERT INTO APPLICATION (application_ID, status, applied_Date, applicant_ID, job_ID, recruiter_ID) VALUES (5954, 'Accepted', '2024-07-30', 59, 54, 49);
INSERT INTO APPLICATION (application_ID, status, applied_Date, applicant_ID, job_ID, recruiter_ID) VALUES (6081, 'Rejected', '2024-09-23', 59, 181, 85);
INSERT INTO APPLICATION (application_ID, status, applied_Date, applicant_ID, job_ID, recruiter_ID) VALUES (6097, 'Accepted', '2024-03-28', 59, 197, 33);
INSERT INTO APPLICATION (application_ID, status, applied_Date, applicant_ID, job_ID, recruiter_ID) VALUES (6138, 'Rejected', '2024-06-20', 59, 238, 49);
INSERT INTO APPLICATION (application_ID, status, applied_Date, applicant_ID, job_ID, recruiter_ID) VALUES (6204, 'Rejected', '2024-11-27', 60, 204, 36);
INSERT INTO APPLICATION (application_ID, status, applied_Date, applicant_ID, job_ID, recruiter_ID) VALUES (6068, 'Rejected', '2024-05-28', 60, 68, 16);
INSERT INTO APPLICATION (application_ID, status, applied_Date, applicant_ID, job_ID, recruiter_ID) VALUES (6146, 'Rejected', '2024-08-18', 60, 146, 49);
INSERT INTO APPLICATION (application_ID, status, applied_Date, applicant_ID, job_ID, recruiter_ID) VALUES (6176, 'Rejected', '2024-01-28', 61, 76, 49);
INSERT INTO APPLICATION (application_ID, status, applied_Date, applicant_ID, job_ID, recruiter_ID) VALUES (6294, 'Accepted', '2024-10-14', 61, 194, 62);
INSERT INTO APPLICATION (application_ID, status, applied_Date, applicant_ID, job_ID, recruiter_ID) VALUES (6197, 'Pending', '2024-11-23', 61, 97, 69);
INSERT INTO APPLICATION (application_ID, status, applied_Date, applicant_ID, job_ID, recruiter_ID) VALUES (6105, 'Pending', '2024-12-05', 61, 5, 85);
INSERT INTO APPLICATION (application_ID, status, applied_Date, applicant_ID, job_ID, recruiter_ID) VALUES (6526, 'Pending', '2024-03-21', 63, 226, 85);
INSERT INTO APPLICATION (application_ID, status, applied_Date, applicant_ID, job_ID, recruiter_ID) VALUES (6504, 'Pending', '2024-12-19', 64, 104, 69);
INSERT INTO APPLICATION (application_ID, status, applied_Date, applicant_ID, job_ID, recruiter_ID) VALUES (6641, 'Rejected', '2024-07-11', 64, 241, 85);
INSERT INTO APPLICATION (application_ID, status, applied_Date, applicant_ID, job_ID, recruiter_ID) VALUES (6519, 'Accepted', '2024-08-06', 64, 119, 33);
INSERT INTO APPLICATION (application_ID, status, applied_Date, applicant_ID, job_ID, recruiter_ID) VALUES (6462, 'Pending', '2024-12-04', 64, 62, 51);
INSERT INTO APPLICATION (application_ID, status, applied_Date, applicant_ID, job_ID, recruiter_ID) VALUES (6707, 'Rejected', '2024-10-29', 65, 207, 35);
INSERT INTO APPLICATION (application_ID, status, applied_Date, applicant_ID, job_ID, recruiter_ID) VALUES (6848, 'Rejected', '2024-11-04', 67, 148, 51);
INSERT INTO APPLICATION (application_ID, status, applied_Date, applicant_ID, job_ID, recruiter_ID) VALUES (6998, 'Rejected', '2024-08-10', 68, 198, 52);
INSERT INTO APPLICATION (application_ID, status, applied_Date, applicant_ID, job_ID, recruiter_ID) VALUES (6856, 'Rejected', '2024-06-01', 68, 56, 97);
INSERT INTO APPLICATION (application_ID, status, applied_Date, applicant_ID, job_ID, recruiter_ID) VALUES (6812, 'Pending', '2024-09-24', 68, 12, 85);
INSERT INTO APPLICATION (application_ID, status, applied_Date, applicant_ID, job_ID, recruiter_ID) VALUES (7113, 'Pending', '2024-05-28', 70, 113, 85);
INSERT INTO APPLICATION (application_ID, status, applied_Date, applicant_ID, job_ID, recruiter_ID) VALUES (7207, 'Rejected', '2024-02-08', 71, 107, 36);
INSERT INTO APPLICATION (application_ID, status, applied_Date, applicant_ID, job_ID, recruiter_ID) VALUES (7193, 'Pending', '2024-05-29', 71, 93, 49);
INSERT INTO APPLICATION (application_ID, status, applied_Date, applicant_ID, job_ID, recruiter_ID) VALUES (7111, 'Rejected', '2024-04-18', 71, 11, 52);
INSERT INTO APPLICATION (application_ID, status, applied_Date, applicant_ID, job_ID, recruiter_ID) VALUES (7375, 'Rejected', '2024-11-27', 72, 175, 16);
INSERT INTO APPLICATION (application_ID, status, applied_Date, applicant_ID, job_ID, recruiter_ID) VALUES (7264, 'Accepted', '2024-04-14', 72, 64, 36);
INSERT INTO APPLICATION (application_ID, status, applied_Date, applicant_ID, job_ID, recruiter_ID) VALUES (7433, 'Pending', '2024-07-09', 73, 133, 97);
INSERT INTO APPLICATION (application_ID, status, applied_Date, applicant_ID, job_ID, recruiter_ID) VALUES (7703, 'Rejected', '2024-03-23', 75, 203, 11);
INSERT INTO APPLICATION (application_ID, status, applied_Date, applicant_ID, job_ID, recruiter_ID) VALUES (7639, 'Rejected', '2024-02-11', 75, 139, 11);
INSERT INTO APPLICATION (application_ID, status, applied_Date, applicant_ID, job_ID, recruiter_ID) VALUES (7747, 'Pending', '2024-09-17', 76, 147, 97);
INSERT INTO APPLICATION (application_ID, status, applied_Date, applicant_ID, job_ID, recruiter_ID) VALUES (7749, 'Rejected', '2024-02-20', 76, 149, 11);
INSERT INTO APPLICATION (application_ID, status, applied_Date, applicant_ID, job_ID, recruiter_ID) VALUES (7664, 'Rejected', '2024-07-23', 76, 64, 88);
INSERT INTO APPLICATION (application_ID, status, applied_Date, applicant_ID, job_ID, recruiter_ID) VALUES (7729, 'Pending', '2024-03-17', 77, 29, 16);
INSERT INTO APPLICATION (application_ID, status, applied_Date, applicant_ID, job_ID, recruiter_ID) VALUES (7763, 'Pending', '2024-02-04', 77, 63, 88);
INSERT INTO APPLICATION (application_ID, status, applied_Date, applicant_ID, job_ID, recruiter_ID) VALUES (7927, 'Rejected', '2024-11-01', 78, 127, 69);
INSERT INTO APPLICATION (application_ID, status, applied_Date, applicant_ID, job_ID, recruiter_ID) VALUES (7810, 'Pending', '2024-02-24', 78, 10, 16);
INSERT INTO APPLICATION (application_ID, status, applied_Date, applicant_ID, job_ID, recruiter_ID) VALUES (7913, 'Accepted', '2024-01-14', 78, 113, 69);
INSERT INTO APPLICATION (application_ID, status, applied_Date, applicant_ID, job_ID, recruiter_ID) VALUES (8074, 'Accepted', '2024-08-13', 79, 174, 33);
INSERT INTO APPLICATION (application_ID, status, applied_Date, applicant_ID, job_ID, recruiter_ID) VALUES (8143, 'Accepted', '2024-12-29', 80, 143, 16);
INSERT INTO APPLICATION (application_ID, status, applied_Date, applicant_ID, job_ID, recruiter_ID) VALUES (8060, 'Rejected', '2024-01-30', 80, 60, 85);
INSERT INTO APPLICATION (application_ID, status, applied_Date, applicant_ID, job_ID, recruiter_ID) VALUES (8234, 'Rejected', '2024-05-27', 80, 234, 52);
INSERT INTO APPLICATION (application_ID, status, applied_Date, applicant_ID, job_ID, recruiter_ID) VALUES (8190, 'Accepted', '2024-07-16', 80, 190, 62);
INSERT INTO APPLICATION (application_ID, status, applied_Date, applicant_ID, job_ID, recruiter_ID) VALUES (8301, 'Pending', '2024-12-20', 83, 1, 52);
INSERT INTO APPLICATION (application_ID, status, applied_Date, applicant_ID, job_ID, recruiter_ID) VALUES (8452, 'Accepted', '2024-10-21', 83, 152, 35);
INSERT INTO APPLICATION (application_ID, status, applied_Date, applicant_ID, job_ID, recruiter_ID) VALUES (8335, 'Pending', '2024-02-07', 83, 35, 11);
INSERT INTO APPLICATION (application_ID, status, applied_Date, applicant_ID, job_ID, recruiter_ID) VALUES (8359, 'Rejected', '2024-05-18', 83, 59, 88);
INSERT INTO APPLICATION (application_ID, status, applied_Date, applicant_ID, job_ID, recruiter_ID) VALUES (8539, 'Accepted', '2024-12-19', 84, 139, 62);
INSERT INTO APPLICATION (application_ID, status, applied_Date, applicant_ID, job_ID, recruiter_ID) VALUES (8701, 'Accepted', '2024-06-02', 86, 101, 35);
INSERT INTO APPLICATION (application_ID, status, applied_Date, applicant_ID, job_ID, recruiter_ID) VALUES (8793, 'Pending', '2024-05-30', 86, 193, 49);
INSERT INTO APPLICATION (application_ID, status, applied_Date, applicant_ID, job_ID, recruiter_ID) VALUES (8813, 'Pending', '2024-05-09', 86, 213, 35);
INSERT INTO APPLICATION (application_ID, status, applied_Date, applicant_ID, job_ID, recruiter_ID) VALUES (8789, 'Rejected', '2024-01-02', 86, 189, 51);
INSERT INTO APPLICATION (application_ID, status, applied_Date, applicant_ID, job_ID, recruiter_ID) VALUES (8796, 'Pending', '2024-02-26', 87, 96, 88);
INSERT INTO APPLICATION (application_ID, status, applied_Date, applicant_ID, job_ID, recruiter_ID) VALUES (8890, 'Rejected', '2024-10-11', 87, 190, 85);
INSERT INTO APPLICATION (application_ID, status, applied_Date, applicant_ID, job_ID, recruiter_ID) VALUES (8741, 'Accepted', '2024-10-26', 87, 41, 88);
INSERT INTO APPLICATION (application_ID, status, applied_Date, applicant_ID, job_ID, recruiter_ID) VALUES (8995, 'Accepted', '2024-07-17', 89, 95, 66);
INSERT INTO APPLICATION (application_ID, status, applied_Date, applicant_ID, job_ID, recruiter_ID) VALUES (9044, 'Rejected', '2024-10-11', 90, 44, 51);
INSERT INTO APPLICATION (application_ID, status, applied_Date, applicant_ID, job_ID, recruiter_ID) VALUES (9203, 'Pending', '2024-07-16', 90, 203, 51);
INSERT INTO APPLICATION (application_ID, status, applied_Date, applicant_ID, job_ID, recruiter_ID) VALUES (9174, 'Accepted', '2024-06-06', 91, 74, 69);
INSERT INTO APPLICATION (application_ID, status, applied_Date, applicant_ID, job_ID, recruiter_ID) VALUES (9206, 'Rejected', '2024-12-17', 91, 106, 36);
INSERT INTO APPLICATION (application_ID, status, applied_Date, applicant_ID, job_ID, recruiter_ID) VALUES (9318, 'Rejected', '2024-11-21', 91, 218, 49);
INSERT INTO APPLICATION (application_ID, status, applied_Date, applicant_ID, job_ID, recruiter_ID) VALUES (9425, 'Rejected', '2024-05-25', 92, 225, 52);
INSERT INTO APPLICATION (application_ID, status, applied_Date, applicant_ID, job_ID, recruiter_ID) VALUES (9365, 'Rejected', '2024-12-06', 92, 165, 52);
INSERT INTO APPLICATION (application_ID, status, applied_Date, applicant_ID, job_ID, recruiter_ID) VALUES (9387, 'Pending', '2024-06-08', 92, 187, 97);
INSERT INTO APPLICATION (application_ID, status, applied_Date, applicant_ID, job_ID, recruiter_ID) VALUES (9348, 'Accepted', '2024-01-18', 92, 148, 85);
INSERT INTO APPLICATION (application_ID, status, applied_Date, applicant_ID, job_ID, recruiter_ID) VALUES (9412, 'Pending', '2024-01-04', 93, 112, 97);
INSERT INTO APPLICATION (application_ID, status, applied_Date, applicant_ID, job_ID, recruiter_ID) VALUES (9377, 'Accepted', '2024-08-07', 93, 77, 33);
INSERT INTO APPLICATION (application_ID, status, applied_Date, applicant_ID, job_ID, recruiter_ID) VALUES (9570, 'Rejected', '2024-08-05', 94, 170, 85);
INSERT INTO APPLICATION (application_ID, status, applied_Date, applicant_ID, job_ID, recruiter_ID) VALUES (9549, 'Accepted', '2024-08-31', 94, 149, 11);
INSERT INTO APPLICATION (application_ID, status, applied_Date, applicant_ID, job_ID, recruiter_ID) VALUES (9403, 'Accepted', '2024-01-02', 94, 3, 88);
INSERT INTO APPLICATION (application_ID, status, applied_Date, applicant_ID, job_ID, recruiter_ID) VALUES (9651, 'Pending', '2024-05-13', 95, 151, 97);
INSERT INTO APPLICATION (application_ID, status, applied_Date, applicant_ID, job_ID, recruiter_ID) VALUES (9572, 'Pending', '2024-06-30', 95, 72, 66);
INSERT INTO APPLICATION (application_ID, status, applied_Date, applicant_ID, job_ID, recruiter_ID) VALUES (9702, 'Pending', '2024-04-23', 95, 202, 97);
INSERT INTO APPLICATION (application_ID, status, applied_Date, applicant_ID, job_ID, recruiter_ID) VALUES (9627, 'Pending', '2024-10-30', 95, 127, 66);
INSERT INTO APPLICATION (application_ID, status, applied_Date, applicant_ID, job_ID, recruiter_ID) VALUES (9503, 'Pending', '2024-08-10', 95, 3, 16);
INSERT INTO APPLICATION (application_ID, status, applied_Date, applicant_ID, job_ID, recruiter_ID) VALUES (9654, 'Pending', '2024-12-20', 96, 54, 51);
INSERT INTO APPLICATION (application_ID, status, applied_Date, applicant_ID, job_ID, recruiter_ID) VALUES (9817, 'Pending', '2024-10-10', 96, 217, 33);
INSERT INTO APPLICATION (application_ID, status, applied_Date, applicant_ID, job_ID, recruiter_ID) VALUES (9647, 'Accepted', '2024-07-14', 96, 47, 33);
INSERT INTO APPLICATION (application_ID, status, applied_Date, applicant_ID, job_ID, recruiter_ID) VALUES (9706, 'Rejected', '2024-04-22', 96, 106, 62);
INSERT INTO APPLICATION (application_ID, status, applied_Date, applicant_ID, job_ID, recruiter_ID) VALUES (9973, 'Rejected', '2024-08-09', 98, 173, 49);
INSERT INTO APPLICATION (application_ID, status, applied_Date, applicant_ID, job_ID, recruiter_ID) VALUES (9965, 'Rejected', '2024-11-11', 98, 165, 51);
INSERT INTO APPLICATION (application_ID, status, applied_Date, applicant_ID, job_ID, recruiter_ID) VALUES (9889, 'Accepted', '2024-03-21', 98, 89, 69);
INSERT INTO APPLICATION (application_ID, status, applied_Date, applicant_ID, job_ID, recruiter_ID) VALUES (10146, 'Rejected', '2024-12-26', 99, 246, 97);
INSERT INTO APPLICATION (application_ID, status, applied_Date, applicant_ID, job_ID, recruiter_ID) VALUES (9908, 'Rejected', '2024-07-28', 99, 8, 11);
INSERT INTO APPLICATION (application_ID, status, applied_Date, applicant_ID, job_ID, recruiter_ID) VALUES (9922, 'Accepted', '2024-06-28', 99, 22, 35);
INSERT INTO APPLICATION (application_ID, status, applied_Date, applicant_ID, job_ID, recruiter_ID) VALUES (9962, 'Pending', '2024-12-04', 99, 62, 97);
INSERT INTO APPLICATION (application_ID, status, applied_Date, applicant_ID, job_ID, recruiter_ID) VALUES (10067, 'Accepted', '2024-05-11', 100, 67, 62);
INSERT INTO APPLICATION (application_ID, status, applied_Date, applicant_ID, job_ID, recruiter_ID) VALUES (10035, 'Rejected', '2024-07-02', 100, 35, 66);

select *from APPLICATION

--job search

INSERT INTO JOB_SEARCH (student_ID, job_ID) VALUES (1, 77);
INSERT INTO JOB_SEARCH (student_ID, job_ID) VALUES (1, 247);
INSERT INTO JOB_SEARCH (student_ID, job_ID) VALUES (1, 165);
INSERT INTO JOB_SEARCH (student_ID, job_ID) VALUES (1, 148);
INSERT INTO JOB_SEARCH (student_ID, job_ID) VALUES (1, 239);
INSERT INTO JOB_SEARCH (student_ID, job_ID) VALUES (1, 3);
INSERT INTO JOB_SEARCH (student_ID, job_ID) VALUES (2, 46);
INSERT INTO JOB_SEARCH (student_ID, job_ID) VALUES (2, 144);
INSERT INTO JOB_SEARCH (student_ID, job_ID) VALUES (2, 201);
INSERT INTO JOB_SEARCH (student_ID, job_ID) VALUES (2, 146);
INSERT INTO JOB_SEARCH (student_ID, job_ID) VALUES (2, 84);
INSERT INTO JOB_SEARCH (student_ID, job_ID) VALUES (2, 4);
INSERT INTO JOB_SEARCH (student_ID, job_ID) VALUES (3, 123);
INSERT INTO JOB_SEARCH (student_ID, job_ID) VALUES (3, 42);
INSERT INTO JOB_SEARCH (student_ID, job_ID) VALUES (3, 159);
INSERT INTO JOB_SEARCH (student_ID, job_ID) VALUES (3, 72);
INSERT INTO JOB_SEARCH (student_ID, job_ID) VALUES (4, 140);
INSERT INTO JOB_SEARCH (student_ID, job_ID) VALUES (4, 163);
INSERT INTO JOB_SEARCH (student_ID, job_ID) VALUES (4, 153);
INSERT INTO JOB_SEARCH (student_ID, job_ID) VALUES (4, 243);
INSERT INTO JOB_SEARCH (student_ID, job_ID) VALUES (4, 59);
INSERT INTO JOB_SEARCH (student_ID, job_ID) VALUES (4, 192);
INSERT INTO JOB_SEARCH (student_ID, job_ID) VALUES (4, 201);
INSERT INTO JOB_SEARCH (student_ID, job_ID) VALUES (4, 69);
INSERT INTO JOB_SEARCH (student_ID, job_ID) VALUES (5, 215);
INSERT INTO JOB_SEARCH (student_ID, job_ID) VALUES (5, 161);
INSERT INTO JOB_SEARCH (student_ID, job_ID) VALUES (5, 211);
INSERT INTO JOB_SEARCH (student_ID, job_ID) VALUES (5, 207);
INSERT INTO JOB_SEARCH (student_ID, job_ID) VALUES (5, 80);
INSERT INTO JOB_SEARCH (student_ID, job_ID) VALUES (5, 128);
INSERT INTO JOB_SEARCH (student_ID, job_ID) VALUES (6, 49);
INSERT INTO JOB_SEARCH (student_ID, job_ID) VALUES (6, 156);
INSERT INTO JOB_SEARCH (student_ID, job_ID) VALUES (6, 57);
INSERT INTO JOB_SEARCH (student_ID, job_ID) VALUES (6, 56);
INSERT INTO JOB_SEARCH (student_ID, job_ID) VALUES (6, 248);
INSERT INTO JOB_SEARCH (student_ID, job_ID) VALUES (7, 27);
INSERT INTO JOB_SEARCH (student_ID, job_ID) VALUES (7, 160);
INSERT INTO JOB_SEARCH (student_ID, job_ID) VALUES (7, 72);
INSERT INTO JOB_SEARCH (student_ID, job_ID) VALUES (7, 65);
INSERT INTO JOB_SEARCH (student_ID, job_ID) VALUES (8, 172);
INSERT INTO JOB_SEARCH (student_ID, job_ID) VALUES (8, 142);
INSERT INTO JOB_SEARCH (student_ID, job_ID) VALUES (8, 136);
INSERT INTO JOB_SEARCH (student_ID, job_ID) VALUES (8, 49);
INSERT INTO JOB_SEARCH (student_ID, job_ID) VALUES (8, 128);
INSERT INTO JOB_SEARCH (student_ID, job_ID) VALUES (10, 72);
INSERT INTO JOB_SEARCH (student_ID, job_ID) VALUES (10, 77);
INSERT INTO JOB_SEARCH (student_ID, job_ID) VALUES (10, 67);
INSERT INTO JOB_SEARCH (student_ID, job_ID) VALUES (10, 38);
INSERT INTO JOB_SEARCH (student_ID, job_ID) VALUES (10, 26);
INSERT INTO JOB_SEARCH (student_ID, job_ID) VALUES (10, 140);
INSERT INTO JOB_SEARCH (student_ID, job_ID) VALUES (10, 236);
INSERT INTO JOB_SEARCH (student_ID, job_ID) VALUES (12, 181);
INSERT INTO JOB_SEARCH (student_ID, job_ID) VALUES (12, 1);
INSERT INTO JOB_SEARCH (student_ID, job_ID) VALUES (12, 214);
INSERT INTO JOB_SEARCH (student_ID, job_ID) VALUES (12, 215);
INSERT INTO JOB_SEARCH (student_ID, job_ID) VALUES (12, 99);
INSERT INTO JOB_SEARCH (student_ID, job_ID) VALUES (12, 211);
INSERT INTO JOB_SEARCH (student_ID, job_ID) VALUES (12, 78);
INSERT INTO JOB_SEARCH (student_ID, job_ID) VALUES (12, 53);
INSERT INTO JOB_SEARCH (student_ID, job_ID) VALUES (13, 169);
INSERT INTO JOB_SEARCH (student_ID, job_ID) VALUES (13, 164);
INSERT INTO JOB_SEARCH (student_ID, job_ID) VALUES (13, 17);
INSERT INTO JOB_SEARCH (student_ID, job_ID) VALUES (13, 161);
INSERT INTO JOB_SEARCH (student_ID, job_ID) VALUES (13, 26);
INSERT INTO JOB_SEARCH (student_ID, job_ID) VALUES (14, 56);
INSERT INTO JOB_SEARCH (student_ID, job_ID) VALUES (14, 121);
INSERT INTO JOB_SEARCH (student_ID, job_ID) VALUES (14, 245);
INSERT INTO JOB_SEARCH (student_ID, job_ID) VALUES (14, 130);
INSERT INTO JOB_SEARCH (student_ID, job_ID) VALUES (14, 138);
INSERT INTO JOB_SEARCH (student_ID, job_ID) VALUES (14, 55);
INSERT INTO JOB_SEARCH (student_ID, job_ID) VALUES (15, 100);
INSERT INTO JOB_SEARCH (student_ID, job_ID) VALUES (15, 149);
INSERT INTO JOB_SEARCH (student_ID, job_ID) VALUES (15, 168);
INSERT INTO JOB_SEARCH (student_ID, job_ID) VALUES (15, 142);
INSERT INTO JOB_SEARCH (student_ID, job_ID) VALUES (15, 78);
INSERT INTO JOB_SEARCH (student_ID, job_ID) VALUES (15, 216);
INSERT INTO JOB_SEARCH (student_ID, job_ID) VALUES (18, 93);
INSERT INTO JOB_SEARCH (student_ID, job_ID) VALUES (18, 98);
INSERT INTO JOB_SEARCH (student_ID, job_ID) VALUES (18, 131);
INSERT INTO JOB_SEARCH (student_ID, job_ID) VALUES (18, 169);
INSERT INTO JOB_SEARCH (student_ID, job_ID) VALUES (18, 166);
INSERT INTO JOB_SEARCH (student_ID, job_ID) VALUES (18, 147);
INSERT INTO JOB_SEARCH (student_ID, job_ID) VALUES (18, 164);
INSERT INTO JOB_SEARCH (student_ID, job_ID) VALUES (18, 33);
INSERT INTO JOB_SEARCH (student_ID, job_ID) VALUES (19, 11);
INSERT INTO JOB_SEARCH (student_ID, job_ID) VALUES (19, 138);
INSERT INTO JOB_SEARCH (student_ID, job_ID) VALUES (19, 160);
INSERT INTO JOB_SEARCH (student_ID, job_ID) VALUES (19, 54);
INSERT INTO JOB_SEARCH (student_ID, job_ID) VALUES (19, 62);
INSERT INTO JOB_SEARCH (student_ID, job_ID) VALUES (19, 116);
INSERT INTO JOB_SEARCH (student_ID, job_ID) VALUES (19, 246);
INSERT INTO JOB_SEARCH (student_ID, job_ID) VALUES (20, 125);
INSERT INTO JOB_SEARCH (student_ID, job_ID) VALUES (20, 170);
INSERT INTO JOB_SEARCH (student_ID, job_ID) VALUES (20, 168);
INSERT INTO JOB_SEARCH (student_ID, job_ID) VALUES (20, 13);
INSERT INTO JOB_SEARCH (student_ID, job_ID) VALUES (20, 62);
INSERT INTO JOB_SEARCH (student_ID, job_ID) VALUES (21, 29);
INSERT INTO JOB_SEARCH (student_ID, job_ID) VALUES (21, 145);
INSERT INTO JOB_SEARCH (student_ID, job_ID) VALUES (21, 71);
INSERT INTO JOB_SEARCH (student_ID, job_ID) VALUES (21, 16);
INSERT INTO JOB_SEARCH (student_ID, job_ID) VALUES (21, 237);
INSERT INTO JOB_SEARCH (student_ID, job_ID) VALUES (21, 181);
INSERT INTO JOB_SEARCH (student_ID, job_ID) VALUES (22, 73);
INSERT INTO JOB_SEARCH (student_ID, job_ID) VALUES (22, 4);
INSERT INTO JOB_SEARCH (student_ID, job_ID) VALUES (22, 45);
INSERT INTO JOB_SEARCH (student_ID, job_ID) VALUES (22, 120);
INSERT INTO JOB_SEARCH (student_ID, job_ID) VALUES (22, 81);
INSERT INTO JOB_SEARCH (student_ID, job_ID) VALUES (23, 85);
INSERT INTO JOB_SEARCH (student_ID, job_ID) VALUES (23, 138);
INSERT INTO JOB_SEARCH (student_ID, job_ID) VALUES (23, 26);
INSERT INTO JOB_SEARCH (student_ID, job_ID) VALUES (23, 176);
INSERT INTO JOB_SEARCH (student_ID, job_ID) VALUES (24, 217);
INSERT INTO JOB_SEARCH (student_ID, job_ID) VALUES (24, 100);
INSERT INTO JOB_SEARCH (student_ID, job_ID) VALUES (24, 122);
INSERT INTO JOB_SEARCH (student_ID, job_ID) VALUES (24, 250);
INSERT INTO JOB_SEARCH (student_ID, job_ID) VALUES (24, 137);
INSERT INTO JOB_SEARCH (student_ID, job_ID) VALUES (24, 88);
INSERT INTO JOB_SEARCH (student_ID, job_ID) VALUES (24, 119);
INSERT INTO JOB_SEARCH (student_ID, job_ID) VALUES (25, 37);
INSERT INTO JOB_SEARCH (student_ID, job_ID) VALUES (25, 20);
INSERT INTO JOB_SEARCH (student_ID, job_ID) VALUES (25, 65);
INSERT INTO JOB_SEARCH (student_ID, job_ID) VALUES (25, 2);
INSERT INTO JOB_SEARCH (student_ID, job_ID) VALUES (25, 76);
INSERT INTO JOB_SEARCH (student_ID, job_ID) VALUES (25, 7);
INSERT INTO JOB_SEARCH (student_ID, job_ID) VALUES (25, 243);
INSERT INTO JOB_SEARCH (student_ID, job_ID) VALUES (25, 107);
INSERT INTO JOB_SEARCH (student_ID, job_ID) VALUES (26, 235);
INSERT INTO JOB_SEARCH (student_ID, job_ID) VALUES (26, 246);
INSERT INTO JOB_SEARCH (student_ID, job_ID) VALUES (26, 109);
INSERT INTO JOB_SEARCH (student_ID, job_ID) VALUES (26, 33);
INSERT INTO JOB_SEARCH (student_ID, job_ID) VALUES (26, 145);
INSERT INTO JOB_SEARCH (student_ID, job_ID) VALUES (27, 243);
INSERT INTO JOB_SEARCH (student_ID, job_ID) VALUES (27, 67);
INSERT INTO JOB_SEARCH (student_ID, job_ID) VALUES (27, 189);
INSERT INTO JOB_SEARCH (student_ID, job_ID) VALUES (27, 100);
INSERT INTO JOB_SEARCH (student_ID, job_ID) VALUES (27, 194);
INSERT INTO JOB_SEARCH (student_ID, job_ID) VALUES (27, 43);
INSERT INTO JOB_SEARCH (student_ID, job_ID) VALUES (27, 158);
INSERT INTO JOB_SEARCH (student_ID, job_ID) VALUES (28, 89);
INSERT INTO JOB_SEARCH (student_ID, job_ID) VALUES (28, 58);
INSERT INTO JOB_SEARCH (student_ID, job_ID) VALUES (28, 34);
INSERT INTO JOB_SEARCH (student_ID, job_ID) VALUES (28, 67);
INSERT INTO JOB_SEARCH (student_ID, job_ID) VALUES (29, 93);
INSERT INTO JOB_SEARCH (student_ID, job_ID) VALUES (29, 37);
INSERT INTO JOB_SEARCH (student_ID, job_ID) VALUES (29, 92);
INSERT INTO JOB_SEARCH (student_ID, job_ID) VALUES (29, 203);
INSERT INTO JOB_SEARCH (student_ID, job_ID) VALUES (29, 240);
INSERT INTO JOB_SEARCH (student_ID, job_ID) VALUES (29, 196);
INSERT INTO JOB_SEARCH (student_ID, job_ID) VALUES (29, 239);
INSERT INTO JOB_SEARCH (student_ID, job_ID) VALUES (29, 192);
INSERT INTO JOB_SEARCH (student_ID, job_ID) VALUES (30, 132);
INSERT INTO JOB_SEARCH (student_ID, job_ID) VALUES (30, 21);
INSERT INTO JOB_SEARCH (student_ID, job_ID) VALUES (30, 60);
INSERT INTO JOB_SEARCH (student_ID, job_ID) VALUES (30, 37);
INSERT INTO JOB_SEARCH (student_ID, job_ID) VALUES (31, 57);
INSERT INTO JOB_SEARCH (student_ID, job_ID) VALUES (31, 160);
INSERT INTO JOB_SEARCH (student_ID, job_ID) VALUES (31, 173);
INSERT INTO JOB_SEARCH (student_ID, job_ID) VALUES (31, 216);
INSERT INTO JOB_SEARCH (student_ID, job_ID) VALUES (31, 245);
INSERT INTO JOB_SEARCH (student_ID, job_ID) VALUES (32, 48);
INSERT INTO JOB_SEARCH (student_ID, job_ID) VALUES (32, 17);
INSERT INTO JOB_SEARCH (student_ID, job_ID) VALUES (32, 37);
INSERT INTO JOB_SEARCH (student_ID, job_ID) VALUES (32, 58);
INSERT INTO JOB_SEARCH (student_ID, job_ID) VALUES (32, 62);
INSERT INTO JOB_SEARCH (student_ID, job_ID) VALUES (32, 213);
INSERT INTO JOB_SEARCH (student_ID, job_ID) VALUES (32, 239);
INSERT INTO JOB_SEARCH (student_ID, job_ID) VALUES (32, 168);
INSERT INTO JOB_SEARCH (student_ID, job_ID) VALUES (34, 116);
INSERT INTO JOB_SEARCH (student_ID, job_ID) VALUES (34, 152);
INSERT INTO JOB_SEARCH (student_ID, job_ID) VALUES (34, 119);
INSERT INTO JOB_SEARCH (student_ID, job_ID) VALUES (34, 60);
INSERT INTO JOB_SEARCH (student_ID, job_ID) VALUES (34, 195);
INSERT INTO JOB_SEARCH (student_ID, job_ID) VALUES (34, 188);
INSERT INTO JOB_SEARCH (student_ID, job_ID) VALUES (34, 59);
INSERT INTO JOB_SEARCH (student_ID, job_ID) VALUES (34, 28);
INSERT INTO JOB_SEARCH (student_ID, job_ID) VALUES (37, 225);
INSERT INTO JOB_SEARCH (student_ID, job_ID) VALUES (37, 137);
INSERT INTO JOB_SEARCH (student_ID, job_ID) VALUES (37, 199);
INSERT INTO JOB_SEARCH (student_ID, job_ID) VALUES (37, 152);
INSERT INTO JOB_SEARCH (student_ID, job_ID) VALUES (37, 153);
INSERT INTO JOB_SEARCH (student_ID, job_ID) VALUES (37, 245);
INSERT INTO JOB_SEARCH (student_ID, job_ID) VALUES (37, 144);
INSERT INTO JOB_SEARCH (student_ID, job_ID) VALUES (38, 190);
INSERT INTO JOB_SEARCH (student_ID, job_ID) VALUES (38, 171);
INSERT INTO JOB_SEARCH (student_ID, job_ID) VALUES (38, 87);
INSERT INTO JOB_SEARCH (student_ID, job_ID) VALUES (38, 167);
INSERT INTO JOB_SEARCH (student_ID, job_ID) VALUES (39, 205);
INSERT INTO JOB_SEARCH (student_ID, job_ID) VALUES (39, 196);
INSERT INTO JOB_SEARCH (student_ID, job_ID) VALUES (39, 121);
INSERT INTO JOB_SEARCH (student_ID, job_ID) VALUES (39, 89);
INSERT INTO JOB_SEARCH (student_ID, job_ID) VALUES (39, 188);
INSERT INTO JOB_SEARCH (student_ID, job_ID) VALUES (39, 12);
INSERT INTO JOB_SEARCH (student_ID, job_ID) VALUES (39, 193);
INSERT INTO JOB_SEARCH (student_ID, job_ID) VALUES (40, 21);
INSERT INTO JOB_SEARCH (student_ID, job_ID) VALUES (40, 241);
INSERT INTO JOB_SEARCH (student_ID, job_ID) VALUES (40, 36);
INSERT INTO JOB_SEARCH (student_ID, job_ID) VALUES (40, 87);
INSERT INTO JOB_SEARCH (student_ID, job_ID) VALUES (42, 101);
INSERT INTO JOB_SEARCH (student_ID, job_ID) VALUES (42, 224);
INSERT INTO JOB_SEARCH (student_ID, job_ID) VALUES (42, 109);
INSERT INTO JOB_SEARCH (student_ID, job_ID) VALUES (42, 85);
INSERT INTO JOB_SEARCH (student_ID, job_ID) VALUES (42, 64);
INSERT INTO JOB_SEARCH (student_ID, job_ID) VALUES (42, 130);
INSERT INTO JOB_SEARCH (student_ID, job_ID) VALUES (42, 117);
INSERT INTO JOB_SEARCH (student_ID, job_ID) VALUES (43, 242);
INSERT INTO JOB_SEARCH (student_ID, job_ID) VALUES (43, 187);
INSERT INTO JOB_SEARCH (student_ID, job_ID) VALUES (43, 40);
INSERT INTO JOB_SEARCH (student_ID, job_ID) VALUES (43, 94);
INSERT INTO JOB_SEARCH (student_ID, job_ID) VALUES (43, 214);
INSERT INTO JOB_SEARCH (student_ID, job_ID) VALUES (44, 73);
INSERT INTO JOB_SEARCH (student_ID, job_ID) VALUES (44, 115);
INSERT INTO JOB_SEARCH (student_ID, job_ID) VALUES (44, 70);
INSERT INTO JOB_SEARCH (student_ID, job_ID) VALUES (44, 35);
INSERT INTO JOB_SEARCH (student_ID, job_ID) VALUES (44, 133);
INSERT INTO JOB_SEARCH (student_ID, job_ID) VALUES (44, 155);
INSERT INTO JOB_SEARCH (student_ID, job_ID) VALUES (45, 212);
INSERT INTO JOB_SEARCH (student_ID, job_ID) VALUES (45, 202);
INSERT INTO JOB_SEARCH (student_ID, job_ID) VALUES (45, 195);
INSERT INTO JOB_SEARCH (student_ID, job_ID) VALUES (45, 151);
INSERT INTO JOB_SEARCH (student_ID, job_ID) VALUES (45, 208);
INSERT INTO JOB_SEARCH (student_ID, job_ID) VALUES (45, 71);
INSERT INTO JOB_SEARCH (student_ID, job_ID) VALUES (45, 2);
INSERT INTO JOB_SEARCH (student_ID, job_ID) VALUES (46, 107);
INSERT INTO JOB_SEARCH (student_ID, job_ID) VALUES (46, 244);
INSERT INTO JOB_SEARCH (student_ID, job_ID) VALUES (46, 177);
INSERT INTO JOB_SEARCH (student_ID, job_ID) VALUES (46, 201);
INSERT INTO JOB_SEARCH (student_ID, job_ID) VALUES (46, 67);
INSERT INTO JOB_SEARCH (student_ID, job_ID) VALUES (46, 46);
INSERT INTO JOB_SEARCH (student_ID, job_ID) VALUES (46, 164);
INSERT INTO JOB_SEARCH (student_ID, job_ID) VALUES (46, 229);
INSERT INTO JOB_SEARCH (student_ID, job_ID) VALUES (47, 193);
INSERT INTO JOB_SEARCH (student_ID, job_ID) VALUES (47, 219);
INSERT INTO JOB_SEARCH (student_ID, job_ID) VALUES (47, 187);
INSERT INTO JOB_SEARCH (student_ID, job_ID) VALUES (47, 238);
INSERT INTO JOB_SEARCH (student_ID, job_ID) VALUES (48, 205);
INSERT INTO JOB_SEARCH (student_ID, job_ID) VALUES (48, 6);
INSERT INTO JOB_SEARCH (student_ID, job_ID) VALUES (48, 215);
INSERT INTO JOB_SEARCH (student_ID, job_ID) VALUES (48, 46);
INSERT INTO JOB_SEARCH (student_ID, job_ID) VALUES (48, 231);
INSERT INTO JOB_SEARCH (student_ID, job_ID) VALUES (48, 102);
INSERT INTO JOB_SEARCH (student_ID, job_ID) VALUES (50, 171);
INSERT INTO JOB_SEARCH (student_ID, job_ID) VALUES (50, 247);
INSERT INTO JOB_SEARCH (student_ID, job_ID) VALUES (50, 132);
INSERT INTO JOB_SEARCH (student_ID, job_ID) VALUES (50, 94);
INSERT INTO JOB_SEARCH (student_ID, job_ID) VALUES (50, 56);
INSERT INTO JOB_SEARCH (student_ID, job_ID) VALUES (50, 174);
INSERT INTO JOB_SEARCH (student_ID, job_ID) VALUES (50, 237);
INSERT INTO JOB_SEARCH (student_ID, job_ID) VALUES (53, 92);
INSERT INTO JOB_SEARCH (student_ID, job_ID) VALUES (53, 46);
INSERT INTO JOB_SEARCH (student_ID, job_ID) VALUES (53, 187);
INSERT INTO JOB_SEARCH (student_ID, job_ID) VALUES (53, 113);
INSERT INTO JOB_SEARCH (student_ID, job_ID) VALUES (53, 126);
INSERT INTO JOB_SEARCH (student_ID, job_ID) VALUES (53, 34);
INSERT INTO JOB_SEARCH (student_ID, job_ID) VALUES (53, 163);
INSERT INTO JOB_SEARCH (student_ID, job_ID) VALUES (53, 102);
INSERT INTO JOB_SEARCH (student_ID, job_ID) VALUES (54, 167);
INSERT INTO JOB_SEARCH (student_ID, job_ID) VALUES (54, 91);
INSERT INTO JOB_SEARCH (student_ID, job_ID) VALUES (54, 128);
INSERT INTO JOB_SEARCH (student_ID, job_ID) VALUES (54, 203);
INSERT INTO JOB_SEARCH (student_ID, job_ID) VALUES (54, 200);
INSERT INTO JOB_SEARCH (student_ID, job_ID) VALUES (55, 173);
INSERT INTO JOB_SEARCH (student_ID, job_ID) VALUES (55, 177);
INSERT INTO JOB_SEARCH (student_ID, job_ID) VALUES (55, 124);
INSERT INTO JOB_SEARCH (student_ID, job_ID) VALUES (55, 154);
INSERT INTO JOB_SEARCH (student_ID, job_ID) VALUES (55, 164);
INSERT INTO JOB_SEARCH (student_ID, job_ID) VALUES (55, 83);
INSERT INTO JOB_SEARCH (student_ID, job_ID) VALUES (55, 163);
INSERT INTO JOB_SEARCH (student_ID, job_ID) VALUES (55, 250);
INSERT INTO JOB_SEARCH (student_ID, job_ID) VALUES (56, 172);
INSERT INTO JOB_SEARCH (student_ID, job_ID) VALUES (56, 102);
INSERT INTO JOB_SEARCH (student_ID, job_ID) VALUES (56, 11);
INSERT INTO JOB_SEARCH (student_ID, job_ID) VALUES (56, 230);
INSERT INTO JOB_SEARCH (student_ID, job_ID) VALUES (56, 21);
INSERT INTO JOB_SEARCH (student_ID, job_ID) VALUES (56, 84);
INSERT INTO JOB_SEARCH (student_ID, job_ID) VALUES (56, 173);
INSERT INTO JOB_SEARCH (student_ID, job_ID) VALUES (56, 101);
INSERT INTO JOB_SEARCH (student_ID, job_ID) VALUES (57, 15);
INSERT INTO JOB_SEARCH (student_ID, job_ID) VALUES (57, 240);
INSERT INTO JOB_SEARCH (student_ID, job_ID) VALUES (57, 229);
INSERT INTO JOB_SEARCH (student_ID, job_ID) VALUES (57, 162);
INSERT INTO JOB_SEARCH (student_ID, job_ID) VALUES (57, 31);
INSERT INTO JOB_SEARCH (student_ID, job_ID) VALUES (57, 135);
INSERT INTO JOB_SEARCH (student_ID, job_ID) VALUES (57, 225);
INSERT INTO JOB_SEARCH (student_ID, job_ID) VALUES (57, 30);
INSERT INTO JOB_SEARCH (student_ID, job_ID) VALUES (58, 234);
INSERT INTO JOB_SEARCH (student_ID, job_ID) VALUES (58, 159);
INSERT INTO JOB_SEARCH (student_ID, job_ID) VALUES (58, 192);
INSERT INTO JOB_SEARCH (student_ID, job_ID) VALUES (58, 133);
INSERT INTO JOB_SEARCH (student_ID, job_ID) VALUES (58, 24);
INSERT INTO JOB_SEARCH (student_ID, job_ID) VALUES (58, 120);
INSERT INTO JOB_SEARCH (student_ID, job_ID) VALUES (58, 245);
INSERT INTO JOB_SEARCH (student_ID, job_ID) VALUES (58, 158);
INSERT INTO JOB_SEARCH (student_ID, job_ID) VALUES (59, 119);
INSERT INTO JOB_SEARCH (student_ID, job_ID) VALUES (59, 149);
INSERT INTO JOB_SEARCH (student_ID, job_ID) VALUES (59, 68);
INSERT INTO JOB_SEARCH (student_ID, job_ID) VALUES (59, 209);
INSERT INTO JOB_SEARCH (student_ID, job_ID) VALUES (59, 46);
INSERT INTO JOB_SEARCH (student_ID, job_ID) VALUES (59, 191);
INSERT INTO JOB_SEARCH (student_ID, job_ID) VALUES (59, 139);
INSERT INTO JOB_SEARCH (student_ID, job_ID) VALUES (60, 7);
INSERT INTO JOB_SEARCH (student_ID, job_ID) VALUES (60, 47);
INSERT INTO JOB_SEARCH (student_ID, job_ID) VALUES (60, 49);
INSERT INTO JOB_SEARCH (student_ID, job_ID) VALUES (60, 198);
INSERT INTO JOB_SEARCH (student_ID, job_ID) VALUES (61, 240);
INSERT INTO JOB_SEARCH (student_ID, job_ID) VALUES (61, 187);
INSERT INTO JOB_SEARCH (student_ID, job_ID) VALUES (61, 143);
INSERT INTO JOB_SEARCH (student_ID, job_ID) VALUES (61, 204);
INSERT INTO JOB_SEARCH (student_ID, job_ID) VALUES (61, 175);
INSERT INTO JOB_SEARCH (student_ID, job_ID) VALUES (61, 44);
INSERT INTO JOB_SEARCH (student_ID, job_ID) VALUES (61, 124);
INSERT INTO JOB_SEARCH (student_ID, job_ID) VALUES (63, 46);
INSERT INTO JOB_SEARCH (student_ID, job_ID) VALUES (63, 22);
INSERT INTO JOB_SEARCH (student_ID, job_ID) VALUES (63, 146);
INSERT INTO JOB_SEARCH (student_ID, job_ID) VALUES (63, 36);
INSERT INTO JOB_SEARCH (student_ID, job_ID) VALUES (63, 120);
INSERT INTO JOB_SEARCH (student_ID, job_ID) VALUES (63, 81);
INSERT INTO JOB_SEARCH (student_ID, job_ID) VALUES (63, 87);
INSERT INTO JOB_SEARCH (student_ID, job_ID) VALUES (64, 55);
INSERT INTO JOB_SEARCH (student_ID, job_ID) VALUES (64, 180);
INSERT INTO JOB_SEARCH (student_ID, job_ID) VALUES (64, 133);
INSERT INTO JOB_SEARCH (student_ID, job_ID) VALUES (64, 124);
INSERT INTO JOB_SEARCH (student_ID, job_ID) VALUES (64, 242);
INSERT INTO JOB_SEARCH (student_ID, job_ID) VALUES (64, 30);
INSERT INTO JOB_SEARCH (student_ID, job_ID) VALUES (64, 238);
INSERT INTO JOB_SEARCH (student_ID, job_ID) VALUES (64, 112);
INSERT INTO JOB_SEARCH (student_ID, job_ID) VALUES (65, 178);
INSERT INTO JOB_SEARCH (student_ID, job_ID) VALUES (65, 39);
INSERT INTO JOB_SEARCH (student_ID, job_ID) VALUES (65, 26);
INSERT INTO JOB_SEARCH (student_ID, job_ID) VALUES (65, 183);
INSERT INTO JOB_SEARCH (student_ID, job_ID) VALUES (65, 236);
INSERT INTO JOB_SEARCH (student_ID, job_ID) VALUES (67, 139);
INSERT INTO JOB_SEARCH (student_ID, job_ID) VALUES (67, 132);
INSERT INTO JOB_SEARCH (student_ID, job_ID) VALUES (67, 161);
INSERT INTO JOB_SEARCH (student_ID, job_ID) VALUES (67, 159);
INSERT INTO JOB_SEARCH (student_ID, job_ID) VALUES (67, 68);
INSERT INTO JOB_SEARCH (student_ID, job_ID) VALUES (67, 54);
INSERT INTO JOB_SEARCH (student_ID, job_ID) VALUES (68, 21);
INSERT INTO JOB_SEARCH (student_ID, job_ID) VALUES (68, 8);
INSERT INTO JOB_SEARCH (student_ID, job_ID) VALUES (68, 237);
INSERT INTO JOB_SEARCH (student_ID, job_ID) VALUES (68, 1);
INSERT INTO JOB_SEARCH (student_ID, job_ID) VALUES (70, 175);
INSERT INTO JOB_SEARCH (student_ID, job_ID) VALUES (70, 37);
INSERT INTO JOB_SEARCH (student_ID, job_ID) VALUES (70, 54);
INSERT INTO JOB_SEARCH (student_ID, job_ID) VALUES (70, 80);
INSERT INTO JOB_SEARCH (student_ID, job_ID) VALUES (70, 178);
INSERT INTO JOB_SEARCH (student_ID, job_ID) VALUES (70, 121);
INSERT INTO JOB_SEARCH (student_ID, job_ID) VALUES (70, 172);
INSERT INTO JOB_SEARCH (student_ID, job_ID) VALUES (71, 175);
INSERT INTO JOB_SEARCH (student_ID, job_ID) VALUES (71, 176);
INSERT INTO JOB_SEARCH (student_ID, job_ID) VALUES (71, 218);
INSERT INTO JOB_SEARCH (student_ID, job_ID) VALUES (71, 78);
INSERT INTO JOB_SEARCH (student_ID, job_ID) VALUES (71, 11);
INSERT INTO JOB_SEARCH (student_ID, job_ID) VALUES (71, 159);
INSERT INTO JOB_SEARCH (student_ID, job_ID) VALUES (71, 236);
INSERT INTO JOB_SEARCH (student_ID, job_ID) VALUES (71, 124);
INSERT INTO JOB_SEARCH (student_ID, job_ID) VALUES (72, 153);
INSERT INTO JOB_SEARCH (student_ID, job_ID) VALUES (72, 195);
INSERT INTO JOB_SEARCH (student_ID, job_ID) VALUES (72, 157);
INSERT INTO JOB_SEARCH (student_ID, job_ID) VALUES (72, 7);
INSERT INTO JOB_SEARCH (student_ID, job_ID) VALUES (73, 250);
INSERT INTO JOB_SEARCH (student_ID, job_ID) VALUES (73, 68);
INSERT INTO JOB_SEARCH (student_ID, job_ID) VALUES (73, 242);
INSERT INTO JOB_SEARCH (student_ID, job_ID) VALUES (73, 99);
INSERT INTO JOB_SEARCH (student_ID, job_ID) VALUES (73, 117);
INSERT INTO JOB_SEARCH (student_ID, job_ID) VALUES (73, 214);
INSERT INTO JOB_SEARCH (student_ID, job_ID) VALUES (73, 168);
INSERT INTO JOB_SEARCH (student_ID, job_ID) VALUES (73, 77);
INSERT INTO JOB_SEARCH (student_ID, job_ID) VALUES (75, 22);
INSERT INTO JOB_SEARCH (student_ID, job_ID) VALUES (75, 179);
INSERT INTO JOB_SEARCH (student_ID, job_ID) VALUES (75, 90);
INSERT INTO JOB_SEARCH (student_ID, job_ID) VALUES (75, 202);
INSERT INTO JOB_SEARCH (student_ID, job_ID) VALUES (75, 144);
INSERT INTO JOB_SEARCH (student_ID, job_ID) VALUES (75, 132);
INSERT INTO JOB_SEARCH (student_ID, job_ID) VALUES (75, 149);
INSERT INTO JOB_SEARCH (student_ID, job_ID) VALUES (75, 177);
INSERT INTO JOB_SEARCH (student_ID, job_ID) VALUES (76, 12);
INSERT INTO JOB_SEARCH (student_ID, job_ID) VALUES (76, 137);
INSERT INTO JOB_SEARCH (student_ID, job_ID) VALUES (76, 113);
INSERT INTO JOB_SEARCH (student_ID, job_ID) VALUES (76, 238);
INSERT INTO JOB_SEARCH (student_ID, job_ID) VALUES (76, 59);
INSERT INTO JOB_SEARCH (student_ID, job_ID) VALUES (76, 110);
INSERT INTO JOB_SEARCH (student_ID, job_ID) VALUES (76, 22);
INSERT INTO JOB_SEARCH (student_ID, job_ID) VALUES (77, 239);
INSERT INTO JOB_SEARCH (student_ID, job_ID) VALUES (77, 152);
INSERT INTO JOB_SEARCH (student_ID, job_ID) VALUES (77, 201);
INSERT INTO JOB_SEARCH (student_ID, job_ID) VALUES (77, 186);
INSERT INTO JOB_SEARCH (student_ID, job_ID) VALUES (77, 12);
INSERT INTO JOB_SEARCH (student_ID, job_ID) VALUES (77, 127);
INSERT INTO JOB_SEARCH (student_ID, job_ID) VALUES (78, 130);
INSERT INTO JOB_SEARCH (student_ID, job_ID) VALUES (78, 211);
INSERT INTO JOB_SEARCH (student_ID, job_ID) VALUES (78, 201);
INSERT INTO JOB_SEARCH (student_ID, job_ID) VALUES (78, 91);
INSERT INTO JOB_SEARCH (student_ID, job_ID) VALUES (79, 198);
INSERT INTO JOB_SEARCH (student_ID, job_ID) VALUES (79, 34);
INSERT INTO JOB_SEARCH (student_ID, job_ID) VALUES (79, 144);
INSERT INTO JOB_SEARCH (student_ID, job_ID) VALUES (79, 173);
INSERT INTO JOB_SEARCH (student_ID, job_ID) VALUES (79, 240);
INSERT INTO JOB_SEARCH (student_ID, job_ID) VALUES (79, 60);
INSERT INTO JOB_SEARCH (student_ID, job_ID) VALUES (79, 202);
INSERT INTO JOB_SEARCH (student_ID, job_ID) VALUES (79, 233);
INSERT INTO JOB_SEARCH (student_ID, job_ID) VALUES (80, 139);
INSERT INTO JOB_SEARCH (student_ID, job_ID) VALUES (80, 209);
INSERT INTO JOB_SEARCH (student_ID, job_ID) VALUES (80, 234);
INSERT INTO JOB_SEARCH (student_ID, job_ID) VALUES (80, 205);
INSERT INTO JOB_SEARCH (student_ID, job_ID) VALUES (80, 33);
INSERT INTO JOB_SEARCH (student_ID, job_ID) VALUES (80, 198);
INSERT INTO JOB_SEARCH (student_ID, job_ID) VALUES (80, 71);
INSERT INTO JOB_SEARCH (student_ID, job_ID) VALUES (80, 37);
INSERT INTO JOB_SEARCH (student_ID, job_ID) VALUES (83, 98);
INSERT INTO JOB_SEARCH (student_ID, job_ID) VALUES (83, 154);
INSERT INTO JOB_SEARCH (student_ID, job_ID) VALUES (83, 70);
INSERT INTO JOB_SEARCH (student_ID, job_ID) VALUES (83, 55);
INSERT INTO JOB_SEARCH (student_ID, job_ID) VALUES (83, 94);
INSERT INTO JOB_SEARCH (student_ID, job_ID) VALUES (84, 82);
INSERT INTO JOB_SEARCH (student_ID, job_ID) VALUES (84, 116);
INSERT INTO JOB_SEARCH (student_ID, job_ID) VALUES (84, 199);
INSERT INTO JOB_SEARCH (student_ID, job_ID) VALUES (84, 154);
INSERT INTO JOB_SEARCH (student_ID, job_ID) VALUES (84, 230);
INSERT INTO JOB_SEARCH (student_ID, job_ID) VALUES (86, 125);
INSERT INTO JOB_SEARCH (student_ID, job_ID) VALUES (86, 65);
INSERT INTO JOB_SEARCH (student_ID, job_ID) VALUES (86, 87);
INSERT INTO JOB_SEARCH (student_ID, job_ID) VALUES (86, 13);
INSERT INTO JOB_SEARCH (student_ID, job_ID) VALUES (86, 7);
INSERT INTO JOB_SEARCH (student_ID, job_ID) VALUES (86, 30);
INSERT INTO JOB_SEARCH (student_ID, job_ID) VALUES (87, 82);
INSERT INTO JOB_SEARCH (student_ID, job_ID) VALUES (87, 181);
INSERT INTO JOB_SEARCH (student_ID, job_ID) VALUES (87, 180);
INSERT INTO JOB_SEARCH (student_ID, job_ID) VALUES (87, 76);
INSERT INTO JOB_SEARCH (student_ID, job_ID) VALUES (89, 139);
INSERT INTO JOB_SEARCH (student_ID, job_ID) VALUES (89, 81);
INSERT INTO JOB_SEARCH (student_ID, job_ID) VALUES (89, 237);
INSERT INTO JOB_SEARCH (student_ID, job_ID) VALUES (89, 102);
INSERT INTO JOB_SEARCH (student_ID, job_ID) VALUES (89, 58);
INSERT INTO JOB_SEARCH (student_ID, job_ID) VALUES (89, 97);
INSERT INTO JOB_SEARCH (student_ID, job_ID) VALUES (89, 191);
INSERT INTO JOB_SEARCH (student_ID, job_ID) VALUES (90, 63);
INSERT INTO JOB_SEARCH (student_ID, job_ID) VALUES (90, 5);
INSERT INTO JOB_SEARCH (student_ID, job_ID) VALUES (90, 167);
INSERT INTO JOB_SEARCH (student_ID, job_ID) VALUES (90, 159);
INSERT INTO JOB_SEARCH (student_ID, job_ID) VALUES (90, 146);
INSERT INTO JOB_SEARCH (student_ID, job_ID) VALUES (91, 123);
INSERT INTO JOB_SEARCH (student_ID, job_ID) VALUES (91, 27);
INSERT INTO JOB_SEARCH (student_ID, job_ID) VALUES (91, 204);
INSERT INTO JOB_SEARCH (student_ID, job_ID) VALUES (91, 43);
INSERT INTO JOB_SEARCH (student_ID, job_ID) VALUES (91, 14);
INSERT INTO JOB_SEARCH (student_ID, job_ID) VALUES (91, 191);
INSERT INTO JOB_SEARCH (student_ID, job_ID) VALUES (91, 54);
INSERT INTO JOB_SEARCH (student_ID, job_ID) VALUES (92, 20);
INSERT INTO JOB_SEARCH (student_ID, job_ID) VALUES (92, 141);
INSERT INTO JOB_SEARCH (student_ID, job_ID) VALUES (92, 232);
INSERT INTO JOB_SEARCH (student_ID, job_ID) VALUES (92, 31);
INSERT INTO JOB_SEARCH (student_ID, job_ID) VALUES (93, 45);
INSERT INTO JOB_SEARCH (student_ID, job_ID) VALUES (93, 125);
INSERT INTO JOB_SEARCH (student_ID, job_ID) VALUES (93, 202);
INSERT INTO JOB_SEARCH (student_ID, job_ID) VALUES (93, 82);
INSERT INTO JOB_SEARCH (student_ID, job_ID) VALUES (93, 186);
INSERT INTO JOB_SEARCH (student_ID, job_ID) VALUES (93, 109);
INSERT INTO JOB_SEARCH (student_ID, job_ID) VALUES (93, 27);
INSERT INTO JOB_SEARCH (student_ID, job_ID) VALUES (94, 222);
INSERT INTO JOB_SEARCH (student_ID, job_ID) VALUES (94, 90);
INSERT INTO JOB_SEARCH (student_ID, job_ID) VALUES (94, 233);
INSERT INTO JOB_SEARCH (student_ID, job_ID) VALUES (94, 38);
INSERT INTO JOB_SEARCH (student_ID, job_ID) VALUES (94, 239);
INSERT INTO JOB_SEARCH (student_ID, job_ID) VALUES (95, 113);
INSERT INTO JOB_SEARCH (student_ID, job_ID) VALUES (95, 145);
INSERT INTO JOB_SEARCH (student_ID, job_ID) VALUES (95, 104);
INSERT INTO JOB_SEARCH (student_ID, job_ID) VALUES (95, 97);
INSERT INTO JOB_SEARCH (student_ID, job_ID) VALUES (95, 60);
INSERT INTO JOB_SEARCH (student_ID, job_ID) VALUES (95, 148);
INSERT INTO JOB_SEARCH (student_ID, job_ID) VALUES (95, 70);
INSERT INTO JOB_SEARCH (student_ID, job_ID) VALUES (96, 17);
INSERT INTO JOB_SEARCH (student_ID, job_ID) VALUES (96, 120);
INSERT INTO JOB_SEARCH (student_ID, job_ID) VALUES (96, 1);
INSERT INTO JOB_SEARCH (student_ID, job_ID) VALUES (96, 209);
INSERT INTO JOB_SEARCH (student_ID, job_ID) VALUES (96, 68);
INSERT INTO JOB_SEARCH (student_ID, job_ID) VALUES (96, 126);
INSERT INTO JOB_SEARCH (student_ID, job_ID) VALUES (98, 97);
INSERT INTO JOB_SEARCH (student_ID, job_ID) VALUES (98, 200);
INSERT INTO JOB_SEARCH (student_ID, job_ID) VALUES (98, 224);
INSERT INTO JOB_SEARCH (student_ID, job_ID) VALUES (98, 52);
INSERT INTO JOB_SEARCH (student_ID, job_ID) VALUES (98, 142);
INSERT INTO JOB_SEARCH (student_ID, job_ID) VALUES (98, 50);
INSERT INTO JOB_SEARCH (student_ID, job_ID) VALUES (99, 39);
INSERT INTO JOB_SEARCH (student_ID, job_ID) VALUES (99, 31);
INSERT INTO JOB_SEARCH (student_ID, job_ID) VALUES (99, 81);
INSERT INTO JOB_SEARCH (student_ID, job_ID) VALUES (99, 98);
INSERT INTO JOB_SEARCH (student_ID, job_ID) VALUES (99, 200);
INSERT INTO JOB_SEARCH (student_ID, job_ID) VALUES (99, 169);
INSERT INTO JOB_SEARCH (student_ID, job_ID) VALUES (99, 175);
INSERT INTO JOB_SEARCH (student_ID, job_ID) VALUES (99, 6);
INSERT INTO JOB_SEARCH (student_ID, job_ID) VALUES (100, 120);
INSERT INTO JOB_SEARCH (student_ID, job_ID) VALUES (100, 1);
INSERT INTO JOB_SEARCH (student_ID, job_ID) VALUES (100, 152);
INSERT INTO JOB_SEARCH (student_ID, job_ID) VALUES (100, 156);
INSERT INTO JOB_SEARCH (student_ID, job_ID) VALUES (100, 146);
INSERT INTO JOB_SEARCH (student_ID, job_ID) VALUES (100, 216);
INSERT INTO JOB_SEARCH (student_ID, job_ID) VALUES (100, 56);

select * from STUDENT_SKILLS
select * from JOB_SEARCH